chart_name,person_id,mem,int,tru,emp,aes,itt,cft,model
COVID-1,persona_0,6,7,6,5,5,6,6,sonnet-3-5
COVID-1,persona_1,5,6,6,5,5,5,5,sonnet-3-5
COVID-1,persona_2,4,5,6,4,4,4,4,sonnet-3-5
COVID-1,persona_3,6,7,6,5,5,6,6,sonnet-3-5
COVID-1,persona_4,5,5,6,5,4,5,5,sonnet-3-5
COVID-1,persona_5,5,6,6,4,5,5,5,sonnet-3-5
COVID-2,persona_0,7,7,6,6,6,7,7,sonnet-3-5
COVID-2,persona_1,5,6,6,5,5,5,5,sonnet-3-5
COVID-2,persona_2,4,5,6,5,5,4,4,sonnet-3-5
COVID-2,persona_3,6,7,6,6,6,6,6,sonnet-3-5
COVID-2,persona_4,5,6,6,6,5,5,5,sonnet-3-5
COVID-2,persona_5,6,6,6,5,6,6,6,sonnet-3-5
COVID-3,persona_0,6,7,6,5,5,5,6,sonnet-3-5
COVID-3,persona_1,4,5,6,4,4,4,4,sonnet-3-5
COVID-3,persona_2,3,4,5,4,4,3,3,sonnet-3-5
COVID-3,persona_3,5,6,6,5,5,5,5,sonnet-3-5
COVID-3,persona_4,4,5,6,5,4,4,4,sonnet-3-5
COVID-3,persona_5,5,6,6,4,5,4,5,sonnet-3-5
COVID-4,persona_0,6,7,6,5,6,6,6,sonnet-3-5
COVID-4,persona_1,5,6,6,5,5,4,5,sonnet-3-5
COVID-4,persona_2,3,4,5,4,4,3,3,sonnet-3-5
COVID-4,persona_3,6,7,6,5,6,5,6,sonnet-3-5
COVID-4,persona_4,4,5,6,5,5,4,4,sonnet-3-5
COVID-4,persona_5,5,6,6,4,6,5,5,sonnet-3-5
COVID-5,persona_0,6,7,6,5,6,6,6,sonnet-3-5
COVID-5,persona_1,5,6,6,5,5,5,5,sonnet-3-5
COVID-5,persona_2,4,5,5,4,5,4,4,sonnet-3-5
COVID-5,persona_3,6,7,6,5,6,6,6,sonnet-3-5
COVID-5,persona_4,5,5,6,5,5,5,5,sonnet-3-5
COVID-5,persona_5,5,6,6,4,6,5,5,sonnet-3-5
COVID-6,persona_0,7,7,6,6,6,7,7,sonnet-3-5
COVID-6,persona_1,5,6,6,5,5,5,5,sonnet-3-5
COVID-6,persona_2,4,5,5,5,4,4,4,sonnet-3-5
COVID-6,persona_3,6,7,6,6,6,6,6,sonnet-3-5
COVID-6,persona_4,5,5,6,5,5,5,5,sonnet-3-5
COVID-6,persona_5,6,6,6,5,6,6,6,sonnet-3-5
COVID-2,persona_6,6,5,6,4,5,5,5,sonnet-3-5
COVID-2,persona_7,7,7,7,6,5,6,6,sonnet-3-5
COVID-2,persona_8,5,5,6,4,4,5,5,sonnet-3-5
COVID-2,persona_9,5,6,6,5,5,5,5,sonnet-3-5
COVID-2,persona_10,6,7,7,6,5,6,6,sonnet-3-5
COVID-2,persona_11,4,5,6,5,4,4,4,sonnet-3-5
COVID-3,persona_6,5,6,6,4,6,5,5,sonnet-3-5
COVID-3,persona_7,6,7,7,5,6,6,6,sonnet-3-5
COVID-3,persona_8,5,6,6,4,5,5,5,sonnet-3-5
COVID-3,persona_9,6,7,6,5,7,6,6,sonnet-3-5
COVID-3,persona_10,6,7,7,5,6,6,6,sonnet-3-5
COVID-3,persona_11,4,5,6,4,5,4,4,sonnet-3-5
COVID-4,persona_6,6,7,6,5,7,6,6,sonnet-3-5
COVID-4,persona_7,7,7,7,6,6,7,7,sonnet-3-5
COVID-4,persona_8,5,6,6,5,6,5,5,sonnet-3-5
COVID-4,persona_9,6,7,6,5,7,6,6,sonnet-3-5
COVID-4,persona_10,7,7,7,6,6,7,7,sonnet-3-5
COVID-4,persona_11,5,5,6,5,5,5,5,sonnet-3-5
COVID-5,persona_6,7,7,7,6,6,7,7,sonnet-3-5
COVID-5,persona_7,7,7,7,7,6,7,7,sonnet-3-5
COVID-5,persona_8,6,6,7,5,5,6,6,sonnet-3-5
COVID-5,persona_9,7,7,7,6,6,7,7,sonnet-3-5
COVID-5,persona_10,7,7,7,7,6,7,7,sonnet-3-5
COVID-5,persona_11,5,6,7,6,5,5,5,sonnet-3-5
COVID-6,persona_6,6,7,7,5,7,6,6,sonnet-3-5
COVID-6,persona_7,7,7,7,6,6,7,7,sonnet-3-5
COVID-6,persona_8,5,6,7,5,6,5,5,sonnet-3-5
COVID-6,persona_9,6,7,7,5,7,6,6,sonnet-3-5
COVID-6,persona_10,7,7,7,6,6,7,7,sonnet-3-5
COVID-6,persona_11,5,5,6,5,5,5,5,sonnet-3-5
COVID-7,persona_6,6,7,7,5,6,6,6,sonnet-3-5
COVID-7,persona_7,7,7,7,6,6,7,7,sonnet-3-5
COVID-7,persona_8,5,6,7,5,5,5,5,sonnet-3-5
COVID-7,persona_9,6,7,7,5,6,6,6,sonnet-3-5
COVID-7,persona_10,7,7,7,6,6,7,7,sonnet-3-5
COVID-7,persona_11,5,6,7,5,5,5,5,sonnet-3-5
COVID-3,persona_12,6,7,6,5,5,6,5,sonnet-3-5
COVID-3,persona_13,5,6,5,4,6,5,5,sonnet-3-5
COVID-3,persona_14,4,5,5,4,5,4,4,sonnet-3-5
COVID-3,persona_15,5,6,6,5,5,5,5,sonnet-3-5
COVID-3,persona_16,5,6,5,4,6,5,5,sonnet-3-5
COVID-3,persona_17,4,5,5,4,4,4,4,sonnet-3-5
COVID-4,persona_12,7,7,6,5,6,6,6,sonnet-3-5
COVID-4,persona_13,6,7,6,5,7,6,6,sonnet-3-5
COVID-4,persona_14,5,6,5,4,6,5,5,sonnet-3-5
COVID-4,persona_15,6,6,6,5,6,5,5,sonnet-3-5
COVID-4,persona_16,6,7,6,5,7,6,6,sonnet-3-5
COVID-4,persona_17,5,5,5,4,5,4,4,sonnet-3-5
COVID-5,persona_12,7,7,7,6,6,7,6,sonnet-3-5
COVID-5,persona_13,6,6,6,5,6,6,5,sonnet-3-5
COVID-5,persona_14,5,6,6,5,5,5,5,sonnet-3-5
COVID-5,persona_15,6,7,7,6,5,6,6,sonnet-3-5
COVID-5,persona_16,6,6,6,5,6,6,5,sonnet-3-5
COVID-5,persona_17,5,6,6,5,4,5,5,sonnet-3-5
COVID-6,persona_12,7,7,7,6,6,7,6,sonnet-3-5
COVID-6,persona_13,6,7,6,5,7,6,6,sonnet-3-5
COVID-6,persona_14,5,6,6,5,6,5,5,sonnet-3-5
COVID-6,persona_15,6,7,7,6,6,6,6,sonnet-3-5
COVID-6,persona_16,6,7,6,5,7,6,6,sonnet-3-5
COVID-6,persona_17,5,6,6,5,5,5,5,sonnet-3-5
COVID-7,persona_12,7,7,7,6,7,7,7,sonnet-3-5
COVID-7,persona_13,6,7,6,5,7,6,6,sonnet-3-5
COVID-7,persona_14,5,6,6,5,6,5,5,sonnet-3-5
COVID-7,persona_15,6,7,7,6,6,6,6,sonnet-3-5
COVID-7,persona_16,6,7,6,5,7,6,6,sonnet-3-5
COVID-7,persona_17,5,6,6,5,5,5,5,sonnet-3-5
COVID-8,persona_12,7,7,7,6,6,7,7,sonnet-3-5
COVID-8,persona_13,6,7,6,5,7,6,6,sonnet-3-5
COVID-8,persona_14,5,6,6,5,6,5,5,sonnet-3-5
COVID-8,persona_15,6,7,7,6,6,6,6,sonnet-3-5
COVID-8,persona_16,6,7,6,5,7,6,6,sonnet-3-5
COVID-8,persona_17,5,6,6,5,5,5,5,sonnet-3-5
COVID-4,persona_18,6,5,6,4,5,6,5,sonnet-3-5
COVID-4,persona_19,6,6,7,5,5,6,6,sonnet-3-5
COVID-4,persona_20,5,6,6,5,5,5,5,sonnet-3-5
COVID-4,persona_21,5,5,6,4,5,5,5,sonnet-3-5
COVID-4,persona_22,6,5,6,4,5,6,5,sonnet-3-5
COVID-4,persona_23,5,6,5,4,4,5,4,sonnet-3-5
COVID-5,persona_18,5,6,7,5,6,5,5,sonnet-3-5
COVID-5,persona_19,6,7,7,6,6,6,6,sonnet-3-5
COVID-5,persona_20,6,7,7,6,6,6,6,sonnet-3-5
COVID-5,persona_21,5,6,6,5,5,5,5,sonnet-3-5
COVID-5,persona_22,6,6,7,5,6,6,6,sonnet-3-5
COVID-5,persona_23,5,6,6,5,5,5,5,sonnet-3-5
COVID-6,persona_18,5,6,6,4,5,5,5,sonnet-3-5
COVID-6,persona_19,6,7,7,5,5,6,6,sonnet-3-5
COVID-6,persona_20,6,7,7,6,5,6,6,sonnet-3-5
COVID-6,persona_21,5,6,6,4,4,5,5,sonnet-3-5
COVID-6,persona_22,6,6,6,5,5,6,5,sonnet-3-5
COVID-6,persona_23,5,7,6,5,4,5,5,sonnet-3-5
COVID-7,persona_18,6,7,6,5,6,6,6,sonnet-3-5
COVID-7,persona_19,7,7,7,6,6,7,7,sonnet-3-5
COVID-7,persona_20,6,7,7,6,6,6,6,sonnet-3-5
COVID-7,persona_21,5,6,6,5,5,5,5,sonnet-3-5
COVID-7,persona_22,6,7,7,5,6,6,6,sonnet-3-5
COVID-7,persona_23,6,7,6,5,5,6,5,sonnet-3-5
COVID-8,persona_18,6,6,7,5,6,6,6,sonnet-3-5
COVID-8,persona_19,7,7,7,6,6,7,7,sonnet-3-5
COVID-8,persona_20,7,7,7,6,6,7,7,sonnet-3-5
COVID-8,persona_21,6,6,7,5,5,6,6,sonnet-3-5
COVID-8,persona_22,7,7,7,6,6,7,7,sonnet-3-5
COVID-8,persona_23,6,7,6,5,5,6,5,sonnet-3-5
COVID-9,persona_18,5,6,6,5,5,5,5,sonnet-3-5
COVID-9,persona_19,6,7,7,6,5,6,6,sonnet-3-5
COVID-9,persona_20,6,7,7,6,5,6,6,sonnet-3-5
COVID-9,persona_21,5,6,6,5,4,5,5,sonnet-3-5
COVID-9,persona_22,6,6,7,5,5,6,6,sonnet-3-5
COVID-9,persona_23,5,7,6,5,4,5,5,sonnet-3-5
COVID-5,persona_24,6,5,6,4,5,6,5,sonnet-3-5
COVID-5,persona_25,7,6,7,5,6,7,6,sonnet-3-5
COVID-5,persona_26,5,4,6,4,5,5,4,sonnet-3-5
COVID-5,persona_27,6,5,6,5,5,6,5,sonnet-3-5
COVID-5,persona_28,5,5,6,4,5,5,4,sonnet-3-5
COVID-5,persona_29,6,5,7,5,6,6,5,sonnet-3-5
COVID-6,persona_24,5,6,6,4,5,5,4,sonnet-3-5
COVID-6,persona_25,7,7,7,5,6,6,6,sonnet-3-5
COVID-6,persona_26,5,5,6,4,6,5,4,sonnet-3-5
COVID-6,persona_27,6,6,6,5,5,5,5,sonnet-3-5
COVID-6,persona_28,5,6,6,4,5,5,4,sonnet-3-5
COVID-6,persona_29,6,6,7,5,5,6,5,sonnet-3-5
COVID-7,persona_24,6,6,6,5,6,6,5,sonnet-3-5
COVID-7,persona_25,7,7,7,5,6,7,6,sonnet-3-5
COVID-7,persona_26,5,5,6,4,5,5,4,sonnet-3-5
COVID-7,persona_27,6,6,6,5,5,6,5,sonnet-3-5
COVID-7,persona_28,6,6,6,5,6,6,5,sonnet-3-5
COVID-7,persona_29,6,6,7,5,6,6,5,sonnet-3-5
COVID-8,persona_24,6,6,6,5,6,6,5,sonnet-3-5
COVID-8,persona_25,7,7,7,5,6,7,6,sonnet-3-5
COVID-8,persona_26,5,5,6,4,6,5,4,sonnet-3-5
COVID-8,persona_27,7,7,7,6,6,7,6,sonnet-3-5
COVID-8,persona_28,5,6,6,4,5,5,4,sonnet-3-5
COVID-8,persona_29,6,6,7,5,6,6,5,sonnet-3-5
COVID-9,persona_24,6,6,6,5,6,6,5,sonnet-3-5
COVID-9,persona_25,7,7,7,5,6,7,6,sonnet-3-5
COVID-9,persona_26,5,5,6,4,5,5,4,sonnet-3-5
COVID-9,persona_27,6,6,7,5,5,6,5,sonnet-3-5
COVID-9,persona_28,5,6,6,4,5,5,4,sonnet-3-5
COVID-9,persona_29,6,6,7,5,5,6,5,sonnet-3-5
COVID-10,persona_24,6,6,6,5,5,6,5,sonnet-3-5
COVID-10,persona_25,7,7,7,6,6,7,6,sonnet-3-5
COVID-10,persona_26,5,5,6,5,5,5,4,sonnet-3-5
COVID-10,persona_27,6,6,7,6,5,6,5,sonnet-3-5
COVID-10,persona_28,6,6,6,5,5,6,5,sonnet-3-5
COVID-10,persona_29,6,6,7,5,5,6,5,sonnet-3-5
COVID-6,persona_30,6,6,6,5,5,5,5,sonnet-3-5
COVID-6,persona_31,5,6,6,4,5,5,5,sonnet-3-5
COVID-6,persona_32,5,5,6,4,4,5,5,sonnet-3-5
COVID-6,persona_33,6,7,6,5,5,6,6,sonnet-3-5
COVID-6,persona_34,5,6,6,4,5,5,5,sonnet-3-5
COVID-6,persona_35,5,6,6,5,6,5,5,sonnet-3-5
COVID-7,persona_30,6,7,6,5,6,6,6,sonnet-3-5
COVID-7,persona_31,6,7,6,5,6,6,6,sonnet-3-5
COVID-7,persona_32,5,6,6,5,5,5,5,sonnet-3-5
COVID-7,persona_33,7,7,7,6,6,7,6,sonnet-3-5
COVID-7,persona_34,6,7,6,5,6,6,6,sonnet-3-5
COVID-7,persona_35,6,7,6,6,7,6,6,sonnet-3-5
COVID-8,persona_30,7,7,7,6,7,7,7,sonnet-3-5
COVID-8,persona_31,7,7,7,6,6,7,7,sonnet-3-5
COVID-8,persona_32,6,6,7,5,6,6,6,sonnet-3-5
COVID-8,persona_33,7,7,7,6,7,7,7,sonnet-3-5
COVID-8,persona_34,7,7,7,6,6,7,7,sonnet-3-5
COVID-8,persona_35,7,7,7,6,7,7,7,sonnet-3-5
COVID-9,persona_30,6,7,7,5,6,6,6,sonnet-3-5
COVID-9,persona_31,7,7,7,6,6,7,7,sonnet-3-5
COVID-9,persona_32,6,6,7,5,5,6,6,sonnet-3-5
COVID-9,persona_33,7,7,7,6,6,7,7,sonnet-3-5
COVID-9,persona_34,7,7,7,6,6,7,7,sonnet-3-5
COVID-9,persona_35,6,7,7,6,7,6,6,sonnet-3-5
COVID-10,persona_30,6,7,7,5,7,6,6,sonnet-3-5
COVID-10,persona_31,7,7,7,6,7,7,7,sonnet-3-5
COVID-10,persona_32,6,6,7,5,6,6,6,sonnet-3-5
COVID-10,persona_33,7,7,7,6,7,7,7,sonnet-3-5
COVID-10,persona_34,7,7,7,6,7,7,7,sonnet-3-5
COVID-10,persona_35,7,7,7,6,7,7,7,sonnet-3-5
COVID-11,persona_30,6,7,7,5,6,6,6,sonnet-3-5
COVID-11,persona_31,7,7,7,6,6,7,7,sonnet-3-5
COVID-11,persona_32,6,6,7,5,5,6,6,sonnet-3-5
COVID-11,persona_33,7,7,7,6,6,7,7,sonnet-3-5
COVID-11,persona_34,7,7,7,6,6,7,7,sonnet-3-5
COVID-11,persona_35,6,7,7,6,7,6,6,sonnet-3-5
COVID-7,persona_36,6,6,7,5,5,6,5,sonnet-3-5
COVID-7,persona_37,5,6,6,4,6,5,5,sonnet-3-5
COVID-7,persona_38,7,7,7,6,5,6,6,sonnet-3-5
COVID-7,persona_39,5,5,6,4,5,5,4,sonnet-3-5
COVID-7,persona_40,6,6,6,5,6,6,5,sonnet-3-5
COVID-7,persona_41,6,6,7,5,5,6,5,sonnet-3-5
COVID-8,persona_36,5,6,7,4,6,5,5,sonnet-3-5
COVID-8,persona_37,6,7,6,5,7,6,6,sonnet-3-5
COVID-8,persona_38,6,7,7,5,6,6,6,sonnet-3-5
COVID-8,persona_39,5,6,6,4,6,5,5,sonnet-3-5
COVID-8,persona_40,6,7,6,5,7,6,6,sonnet-3-5
COVID-8,persona_41,5,6,7,4,6,5,5,sonnet-3-5
COVID-9,persona_36,6,7,7,5,6,6,6,sonnet-3-5
COVID-9,persona_37,5,6,6,4,7,5,5,sonnet-3-5
COVID-9,persona_38,7,7,7,6,6,7,6,sonnet-3-5
COVID-9,persona_39,5,6,6,4,6,5,5,sonnet-3-5
COVID-9,persona_40,6,7,7,5,7,6,6,sonnet-3-5
COVID-9,persona_41,6,7,7,5,6,6,6,sonnet-3-5
COVID-10,persona_36,6,7,7,5,6,6,6,sonnet-3-5
COVID-10,persona_37,5,6,6,5,7,5,5,sonnet-3-5
COVID-10,persona_38,7,7,7,6,6,7,7,sonnet-3-5
COVID-10,persona_39,5,6,6,5,6,5,5,sonnet-3-5
COVID-10,persona_40,6,7,7,5,7,6,6,sonnet-3-5
COVID-10,persona_41,6,7,7,5,6,6,6,sonnet-3-5
COVID-11,persona_36,6,7,7,5,7,6,6,sonnet-3-5
COVID-11,persona_37,5,6,6,4,7,5,5,sonnet-3-5
COVID-11,persona_38,7,7,7,6,7,7,7,sonnet-3-5
COVID-11,persona_39,5,6,6,4,7,5,5,sonnet-3-5
COVID-11,persona_40,6,7,7,5,7,6,6,sonnet-3-5
COVID-11,persona_41,6,7,7,5,7,6,6,sonnet-3-5
COVID-12,persona_36,6,7,7,5,6,6,6,sonnet-3-5
COVID-12,persona_37,5,6,6,4,6,5,5,sonnet-3-5
COVID-12,persona_38,7,7,7,6,6,7,7,sonnet-3-5
COVID-12,persona_39,5,6,6,4,6,5,5,sonnet-3-5
COVID-12,persona_40,6,7,7,5,6,6,6,sonnet-3-5
COVID-12,persona_41,6,7,7,5,6,6,6,sonnet-3-5
COVID-8,persona_42,6,6,6,5,5,6,5,sonnet-3-5
COVID-8,persona_43,5,5,6,4,6,5,5,sonnet-3-5
COVID-8,persona_44,5,5,6,4,5,5,4,sonnet-3-5
COVID-8,persona_45,7,7,7,6,6,6,6,sonnet-3-5
COVID-8,persona_46,6,6,6,5,5,5,5,sonnet-3-5
COVID-8,persona_47,6,6,7,5,5,6,5,sonnet-3-5
COVID-9,persona_42,5,6,6,5,6,5,5,sonnet-3-5
COVID-9,persona_43,5,5,6,4,5,5,4,sonnet-3-5
COVID-9,persona_44,4,5,5,4,5,4,4,sonnet-3-5
COVID-9,persona_45,7,7,7,6,6,6,6,sonnet-3-5
COVID-9,persona_46,5,6,6,5,6,5,5,sonnet-3-5
COVID-9,persona_47,6,6,6,5,5,5,5,sonnet-3-5
COVID-10,persona_42,6,6,6,5,5,5,5,sonnet-3-5
COVID-10,persona_43,6,5,6,5,5,5,5,sonnet-3-5
COVID-10,persona_44,5,5,6,4,4,4,4,sonnet-3-5
COVID-10,persona_45,7,7,7,6,5,6,6,sonnet-3-5
COVID-10,persona_46,6,6,6,5,5,5,5,sonnet-3-5
COVID-10,persona_47,6,6,7,5,5,6,5,sonnet-3-5
COVID-11,persona_42,5,6,6,5,6,5,5,sonnet-3-5
COVID-11,persona_43,6,6,6,5,6,6,5,sonnet-3-5
COVID-11,persona_44,5,5,6,4,5,5,4,sonnet-3-5
COVID-11,persona_45,7,7,7,6,6,6,6,sonnet-3-5
COVID-11,persona_46,6,6,7,5,6,6,5,sonnet-3-5
COVID-11,persona_47,6,6,7,5,6,6,5,sonnet-3-5
COVID-12,persona_42,5,6,6,5,5,5,5,sonnet-3-5
COVID-12,persona_43,5,5,6,4,5,5,4,sonnet-3-5
COVID-12,persona_44,4,5,5,4,4,4,4,sonnet-3-5
COVID-12,persona_45,7,7,7,6,5,6,6,sonnet-3-5
COVID-12,persona_46,5,6,6,5,5,5,5,sonnet-3-5
COVID-12,persona_47,6,6,6,5,5,5,5,sonnet-3-5
COVID-1,persona_42,5,5,6,4,5,5,4,sonnet-3-5
COVID-1,persona_43,5,5,6,4,5,5,4,sonnet-3-5
COVID-1,persona_44,4,4,5,3,4,4,3,sonnet-3-5
COVID-1,persona_45,6,6,7,5,5,6,5,sonnet-3-5
COVID-1,persona_46,5,5,6,4,5,5,4,sonnet-3-5
COVID-1,persona_47,5,5,6,4,5,5,4,sonnet-3-5
COVID-9,persona_48,6,7,6,5,5,6,5,sonnet-3-5
COVID-9,persona_49,6,7,6,6,5,6,5,sonnet-3-5
COVID-9,persona_50,5,6,6,5,5,5,5,sonnet-3-5
COVID-9,persona_51,5,5,5,4,6,5,4,sonnet-3-5
COVID-9,persona_52,6,7,6,5,5,6,5,sonnet-3-5
COVID-9,persona_53,6,6,6,5,6,6,5,sonnet-3-5
COVID-10,persona_48,6,7,6,5,5,6,5,sonnet-3-5
COVID-10,persona_49,6,7,6,6,5,6,5,sonnet-3-5
COVID-10,persona_50,5,6,6,5,4,5,5,sonnet-3-5
COVID-10,persona_51,6,6,5,5,5,5,5,sonnet-3-5
COVID-10,persona_52,5,6,6,5,4,5,5,sonnet-3-5
COVID-10,persona_53,6,6,6,5,5,6,5,sonnet-3-5
COVID-11,persona_48,6,7,6,5,6,6,6,sonnet-3-5
COVID-11,persona_49,6,7,6,5,6,6,6,sonnet-3-5
COVID-11,persona_50,5,6,6,4,5,5,5,sonnet-3-5
COVID-11,persona_51,5,5,5,4,5,5,4,sonnet-3-5
COVID-11,persona_52,6,7,6,5,6,6,6,sonnet-3-5
COVID-11,persona_53,6,6,6,5,6,6,5,sonnet-3-5
COVID-12,persona_48,5,6,6,4,5,5,5,sonnet-3-5
COVID-12,persona_49,5,6,6,5,5,5,5,sonnet-3-5
COVID-12,persona_50,5,6,6,4,5,5,5,sonnet-3-5
COVID-12,persona_51,4,5,5,4,4,4,4,sonnet-3-5
COVID-12,persona_52,5,6,6,4,5,5,5,sonnet-3-5
COVID-12,persona_53,5,5,5,4,5,5,4,sonnet-3-5
COVID-1,persona_48,5,6,6,4,5,5,5,sonnet-3-5
COVID-1,persona_49,5,6,6,5,5,5,5,sonnet-3-5
COVID-1,persona_50,5,6,6,4,4,5,5,sonnet-3-5
COVID-1,persona_51,4,5,5,4,4,4,4,sonnet-3-5
COVID-1,persona_52,5,6,6,4,5,5,5,sonnet-3-5
COVID-1,persona_53,5,5,5,4,5,5,4,sonnet-3-5
COVID-2,persona_48,6,6,6,5,5,6,5,sonnet-3-5
COVID-2,persona_49,6,7,6,6,5,6,6,sonnet-3-5
COVID-2,persona_50,5,6,6,5,4,5,5,sonnet-3-5
COVID-2,persona_51,5,5,5,5,5,5,4,sonnet-3-5
COVID-2,persona_52,6,6,6,5,5,6,5,sonnet-3-5
COVID-2,persona_53,6,6,6,5,5,6,5,sonnet-3-5
COVID-10,persona_54,6,7,6,5,5,6,5,sonnet-3-5
COVID-10,persona_55,5,6,6,4,6,5,5,sonnet-3-5
COVID-10,persona_56,5,6,6,5,5,5,4,sonnet-3-5
COVID-10,persona_57,5,5,6,4,5,5,5,sonnet-3-5
COVID-10,persona_58,6,6,7,4,5,6,5,sonnet-3-5
COVID-10,persona_59,6,7,6,5,5,6,5,sonnet-3-5
COVID-11,persona_54,6,7,7,5,6,6,6,sonnet-3-5
COVID-11,persona_55,5,6,7,4,7,6,5,sonnet-3-5
COVID-11,persona_56,5,6,7,4,6,5,5,sonnet-3-5
COVID-11,persona_57,6,6,7,4,6,6,5,sonnet-3-5
COVID-11,persona_58,7,7,7,5,6,7,6,sonnet-3-5
COVID-11,persona_59,6,7,7,5,6,6,6,sonnet-3-5
COVID-12,persona_54,6,7,6,5,5,6,5,sonnet-3-5
COVID-12,persona_55,5,6,6,4,5,5,5,sonnet-3-5
COVID-12,persona_56,5,6,6,5,4,5,4,sonnet-3-5
COVID-12,persona_57,5,6,6,4,4,5,5,sonnet-3-5
COVID-12,persona_58,6,7,7,4,5,6,5,sonnet-3-5
COVID-12,persona_59,6,7,6,5,5,6,5,sonnet-3-5
COVID-1,persona_54,6,7,6,6,5,6,5,sonnet-3-5
COVID-1,persona_55,5,6,6,5,5,5,5,sonnet-3-5
COVID-1,persona_56,5,6,6,6,4,5,5,sonnet-3-5
COVID-1,persona_57,5,5,6,5,4,5,5,sonnet-3-5
COVID-1,persona_58,6,6,7,5,5,6,5,sonnet-3-5
COVID-1,persona_59,6,7,6,6,5,6,5,sonnet-3-5
COVID-2,persona_54,5,6,6,4,5,5,5,sonnet-3-5
COVID-2,persona_55,4,5,6,3,6,4,4,sonnet-3-5
COVID-2,persona_56,4,5,6,4,5,4,4,sonnet-3-5
COVID-2,persona_57,5,5,6,3,5,5,5,sonnet-3-5
COVID-2,persona_58,6,6,7,4,5,6,5,sonnet-3-5
COVID-2,persona_59,5,6,6,4,5,5,5,sonnet-3-5
COVID-3,persona_54,5,6,6,4,5,5,5,sonnet-3-5
COVID-3,persona_55,4,5,6,3,6,4,4,sonnet-3-5
COVID-3,persona_56,4,5,6,4,5,4,4,sonnet-3-5
COVID-3,persona_57,5,5,6,3,5,5,5,sonnet-3-5
COVID-3,persona_58,6,6,7,4,5,6,5,sonnet-3-5
COVID-3,persona_59,5,6,6,4,5,5,5,sonnet-3-5
COVID-11,persona_60,6,7,7,5,6,6,6,sonnet-3-5
COVID-11,persona_61,5,6,7,4,6,5,5,sonnet-3-5
COVID-11,persona_62,5,5,6,4,5,5,5,sonnet-3-5
COVID-11,persona_63,6,7,6,5,5,6,6,sonnet-3-5
COVID-11,persona_64,5,6,7,4,5,5,5,sonnet-3-5
COVID-11,persona_65,6,7,7,6,6,6,6,sonnet-3-5
COVID-12,persona_60,5,7,6,5,5,6,5,sonnet-3-5
COVID-12,persona_61,6,7,6,5,6,6,6,sonnet-3-5
COVID-12,persona_62,5,6,6,4,5,5,5,sonnet-3-5
COVID-12,persona_63,6,7,6,5,5,6,6,sonnet-3-5
COVID-12,persona_64,5,6,6,4,5,5,5,sonnet-3-5
COVID-12,persona_65,6,7,6,6,6,6,6,sonnet-3-5
COVID-1,persona_60,5,6,7,4,5,5,5,sonnet-3-5
COVID-1,persona_61,5,6,7,4,5,5,5,sonnet-3-5
COVID-1,persona_62,4,5,6,3,4,4,4,sonnet-3-5
COVID-1,persona_63,5,6,6,4,4,5,5,sonnet-3-5
COVID-1,persona_64,5,6,7,4,5,5,5,sonnet-3-5
COVID-1,persona_65,5,6,7,5,5,5,5,sonnet-3-5
COVID-2,persona_60,6,7,7,5,6,6,6,sonnet-3-5
COVID-2,persona_61,5,6,7,4,5,5,5,sonnet-3-5
COVID-2,persona_62,5,6,6,4,5,5,5,sonnet-3-5
COVID-2,persona_63,6,7,6,5,5,6,6,sonnet-3-5
COVID-2,persona_64,5,6,7,4,5,5,5,sonnet-3-5
COVID-2,persona_65,6,7,7,6,6,6,6,sonnet-3-5
COVID-3,persona_60,5,6,6,4,5,5,5,sonnet-3-5
COVID-3,persona_61,6,7,6,5,6,6,6,sonnet-3-5
COVID-3,persona_62,5,6,6,4,5,5,5,sonnet-3-5
COVID-3,persona_63,6,7,6,5,5,6,6,sonnet-3-5
COVID-3,persona_64,5,6,6,4,5,5,5,sonnet-3-5
COVID-3,persona_65,6,7,6,6,6,6,6,sonnet-3-5
COVID-4,persona_60,5,6,6,4,5,5,5,sonnet-3-5
COVID-4,persona_61,5,6,6,4,5,5,5,sonnet-3-5
COVID-4,persona_62,5,6,6,4,5,5,5,sonnet-3-5
COVID-4,persona_63,6,7,6,5,5,6,6,sonnet-3-5
COVID-4,persona_64,5,6,6,4,5,5,5,sonnet-3-5
COVID-4,persona_65,6,7,6,6,6,6,6,sonnet-3-5
COVID-12,persona_66,6,6,6,5,5,6,5,sonnet-3-5
COVID-12,persona_67,6,7,7,5,6,7,6,sonnet-3-5
COVID-12,persona_68,5,6,6,4,5,5,5,sonnet-3-5
COVID-12,persona_69,5,5,6,4,5,5,4,sonnet-3-5
COVID-12,persona_70,6,6,7,5,5,6,5,sonnet-3-5
COVID-12,persona_71,5,5,6,4,5,5,4,sonnet-3-5
COVID-1,persona_66,6,5,6,4,5,5,5,sonnet-3-5
COVID-1,persona_67,7,6,7,5,6,6,6,sonnet-3-5
COVID-1,persona_68,6,6,6,4,5,5,5,sonnet-3-5
COVID-1,persona_69,5,5,6,4,4,5,4,sonnet-3-5
COVID-1,persona_70,6,6,7,5,5,6,5,sonnet-3-5
COVID-1,persona_71,5,5,6,4,4,5,4,sonnet-3-5
COVID-2,persona_66,5,6,6,4,5,5,5,sonnet-3-5
COVID-2,persona_67,6,7,7,5,6,6,6,sonnet-3-5
COVID-2,persona_68,6,6,6,4,5,5,5,sonnet-3-5
COVID-2,persona_69,5,5,6,4,5,5,4,sonnet-3-5
COVID-2,persona_70,6,6,7,5,5,6,5,sonnet-3-5
COVID-2,persona_71,5,5,6,4,5,5,4,sonnet-3-5
COVID-3,persona_66,6,6,6,5,5,5,5,sonnet-3-5
COVID-3,persona_67,7,6,7,5,6,6,6,sonnet-3-5
COVID-3,persona_68,6,6,6,5,5,5,5,sonnet-3-5
COVID-3,persona_69,5,5,6,5,5,5,5,sonnet-3-5
COVID-3,persona_70,6,6,7,5,5,6,5,sonnet-3-5
COVID-3,persona_71,6,6,6,5,5,5,5,sonnet-3-5
COVID-4,persona_66,5,6,6,4,5,5,5,sonnet-3-5
COVID-4,persona_67,6,6,7,5,6,6,6,sonnet-3-5
COVID-4,persona_68,6,6,6,4,5,5,5,sonnet-3-5
COVID-4,persona_69,5,5,6,4,5,5,4,sonnet-3-5
COVID-4,persona_70,6,6,7,5,5,6,5,sonnet-3-5
COVID-4,persona_71,5,5,6,4,5,5,4,sonnet-3-5
COVID-5,persona_66,6,6,6,5,6,6,5,sonnet-3-5
COVID-5,persona_67,7,7,7,5,6,7,6,sonnet-3-5
COVID-5,persona_68,6,6,6,5,6,6,5,sonnet-3-5
COVID-5,persona_69,5,6,6,5,6,6,5,sonnet-3-5
COVID-5,persona_70,6,6,7,5,6,6,5,sonnet-3-5
COVID-5,persona_71,6,6,6,5,6,6,5,sonnet-3-5
HousePrice-1,persona_72,6,7,6,5,6,6,5,sonnet-3-5
HousePrice-1,persona_73,7,6,5,4,7,6,5,sonnet-3-5
HousePrice-1,persona_74,5,6,6,4,5,5,4,sonnet-3-5
HousePrice-1,persona_75,5,5,6,4,5,5,4,sonnet-3-5
HousePrice-1,persona_76,5,5,6,4,5,5,4,sonnet-3-5
HousePrice-1,persona_77,6,6,6,5,5,6,5,sonnet-3-5
HousePrice-2,persona_72,5,6,6,5,4,5,5,sonnet-3-5
HousePrice-2,persona_73,4,5,6,4,3,4,4,sonnet-3-5
HousePrice-2,persona_74,5,5,6,4,3,5,4,sonnet-3-5
HousePrice-2,persona_75,4,5,6,4,3,4,4,sonnet-3-5
HousePrice-2,persona_76,4,5,6,4,3,4,4,sonnet-3-5
HousePrice-2,persona_77,5,6,6,5,4,5,5,sonnet-3-5
HousePrice-3,persona_72,6,7,6,5,5,6,5,sonnet-3-5
HousePrice-3,persona_73,5,6,6,4,6,5,5,sonnet-3-5
HousePrice-3,persona_74,6,7,6,5,5,6,5,sonnet-3-5
HousePrice-3,persona_75,5,6,6,4,5,5,4,sonnet-3-5
HousePrice-3,persona_76,5,6,6,4,5,5,4,sonnet-3-5
HousePrice-3,persona_77,6,7,6,5,5,6,5,sonnet-3-5
HousePrice-4,persona_72,7,7,6,6,6,7,6,sonnet-3-5
HousePrice-4,persona_73,6,6,6,5,7,6,5,sonnet-3-5
HousePrice-4,persona_74,6,7,6,5,5,6,5,sonnet-3-5
HousePrice-4,persona_75,6,6,6,5,5,6,5,sonnet-3-5
HousePrice-4,persona_76,6,6,6,5,5,6,5,sonnet-3-5
HousePrice-4,persona_77,7,7,6,6,6,7,6,sonnet-3-5
HousePrice-5,persona_72,7,7,6,6,6,7,6,sonnet-3-5
HousePrice-5,persona_73,6,7,6,5,7,6,6,sonnet-3-5
HousePrice-5,persona_74,6,7,6,5,5,6,5,sonnet-3-5
HousePrice-5,persona_75,6,6,6,5,5,6,5,sonnet-3-5
HousePrice-5,persona_76,6,6,6,5,5,6,5,sonnet-3-5
HousePrice-5,persona_77,7,7,6,6,6,7,6,sonnet-3-5
HousePrice-6,persona_72,6,7,6,6,6,6,6,sonnet-3-5
HousePrice-6,persona_73,6,6,6,5,7,6,5,sonnet-3-5
HousePrice-6,persona_74,5,6,6,4,5,5,4,sonnet-3-5
HousePrice-6,persona_75,5,6,6,4,5,5,4,sonnet-3-5
HousePrice-6,persona_76,5,6,6,4,5,5,4,sonnet-3-5
HousePrice-6,persona_77,6,7,6,5,6,6,5,sonnet-3-5
HousePrice-2,persona_78,5,6,6,4,5,6,5,sonnet-3-5
HousePrice-2,persona_79,4,5,6,3,4,5,4,sonnet-3-5
HousePrice-2,persona_80,5,6,6,4,5,6,5,sonnet-3-5
HousePrice-2,persona_81,4,5,6,3,4,5,4,sonnet-3-5
HousePrice-2,persona_82,6,6,7,4,5,6,5,sonnet-3-5
HousePrice-2,persona_83,5,5,6,4,4,5,5,sonnet-3-5
HousePrice-3,persona_78,6,7,6,5,6,6,5,sonnet-3-5
HousePrice-3,persona_79,5,6,6,4,5,5,4,sonnet-3-5
HousePrice-3,persona_80,6,7,6,5,6,6,5,sonnet-3-5
HousePrice-3,persona_81,5,6,6,4,5,5,4,sonnet-3-5
HousePrice-3,persona_82,7,7,7,5,6,7,6,sonnet-3-5
HousePrice-3,persona_83,6,6,6,5,5,6,5,sonnet-3-5
HousePrice-4,persona_78,6,6,6,5,7,6,6,sonnet-3-5
HousePrice-4,persona_79,5,5,6,4,6,5,5,sonnet-3-5
HousePrice-4,persona_80,6,6,6,5,7,6,6,sonnet-3-5
HousePrice-4,persona_81,5,5,6,4,6,5,5,sonnet-3-5
HousePrice-4,persona_82,7,7,7,5,7,7,6,sonnet-3-5
HousePrice-4,persona_83,6,6,6,5,6,6,6,sonnet-3-5
HousePrice-5,persona_78,7,7,7,6,6,7,6,sonnet-3-5
HousePrice-5,persona_79,6,6,7,5,5,6,5,sonnet-3-5
HousePrice-5,persona_80,7,7,7,6,6,7,6,sonnet-3-5
HousePrice-5,persona_81,6,6,7,5,5,6,5,sonnet-3-5
HousePrice-5,persona_82,7,7,7,6,6,7,6,sonnet-3-5
HousePrice-5,persona_83,7,7,7,6,5,7,6,sonnet-3-5
HousePrice-6,persona_78,6,7,7,5,6,6,6,sonnet-3-5
HousePrice-6,persona_79,5,6,7,4,5,5,5,sonnet-3-5
HousePrice-6,persona_80,6,7,7,5,6,6,6,sonnet-3-5
HousePrice-6,persona_81,5,6,7,4,5,5,5,sonnet-3-5
HousePrice-6,persona_82,7,7,7,5,6,7,6,sonnet-3-5
HousePrice-6,persona_83,6,7,7,5,5,6,6,sonnet-3-5
HousePrice-7,persona_78,7,7,7,6,6,7,6,sonnet-3-5
HousePrice-7,persona_79,6,6,7,5,5,6,5,sonnet-3-5
HousePrice-7,persona_80,7,7,7,6,6,7,6,sonnet-3-5
HousePrice-7,persona_81,6,6,7,5,5,6,5,sonnet-3-5
HousePrice-7,persona_82,7,7,7,6,6,7,6,sonnet-3-5
HousePrice-7,persona_83,7,7,7,6,5,7,6,sonnet-3-5
HousePrice-3,persona_84,5,6,6,4,5,5,5,sonnet-3-5
HousePrice-3,persona_85,4,5,6,3,4,4,4,sonnet-3-5
HousePrice-3,persona_86,5,6,7,4,5,6,5,sonnet-3-5
HousePrice-3,persona_87,4,5,6,3,4,5,4,sonnet-3-5
HousePrice-3,persona_88,5,6,6,4,6,5,5,sonnet-3-5
HousePrice-3,persona_89,5,6,7,4,5,6,5,sonnet-3-5
HousePrice-4,persona_84,6,7,6,5,6,6,6,sonnet-3-5
HousePrice-4,persona_85,5,6,6,4,5,5,5,sonnet-3-5
HousePrice-4,persona_86,6,7,7,5,6,7,6,sonnet-3-5
HousePrice-4,persona_87,5,6,6,4,5,6,5,sonnet-3-5
HousePrice-4,persona_88,6,7,6,5,7,6,6,sonnet-3-5
HousePrice-4,persona_89,6,7,7,5,6,7,6,sonnet-3-5
HousePrice-5,persona_84,6,7,7,5,5,6,6,sonnet-3-5
HousePrice-5,persona_85,5,6,7,4,4,5,5,sonnet-3-5
HousePrice-5,persona_86,6,7,7,5,5,7,6,sonnet-3-5
HousePrice-5,persona_87,5,6,7,4,4,6,5,sonnet-3-5
HousePrice-5,persona_88,6,7,7,5,5,6,6,sonnet-3-5
HousePrice-5,persona_89,6,7,7,5,5,7,6,sonnet-3-5
HousePrice-6,persona_84,5,6,6,4,6,5,5,sonnet-3-5
HousePrice-6,persona_85,4,5,6,3,5,4,4,sonnet-3-5
HousePrice-6,persona_86,5,6,7,4,6,6,5,sonnet-3-5
HousePrice-6,persona_87,4,5,6,3,5,5,4,sonnet-3-5
HousePrice-6,persona_88,5,6,6,4,7,5,5,sonnet-3-5
HousePrice-6,persona_89,5,6,7,4,6,6,5,sonnet-3-5
HousePrice-7,persona_84,6,7,7,5,6,6,6,sonnet-3-5
HousePrice-7,persona_85,5,6,7,4,5,5,5,sonnet-3-5
HousePrice-7,persona_86,6,7,7,5,6,7,6,sonnet-3-5
HousePrice-7,persona_87,5,6,7,4,5,6,5,sonnet-3-5
HousePrice-7,persona_88,6,7,7,5,7,6,6,sonnet-3-5
HousePrice-7,persona_89,6,7,7,5,6,7,6,sonnet-3-5
HousePrice-8,persona_84,6,7,7,5,7,6,6,sonnet-3-5
HousePrice-8,persona_85,5,6,7,4,6,5,5,sonnet-3-5
HousePrice-8,persona_86,6,7,7,5,7,7,6,sonnet-3-5
HousePrice-8,persona_87,5,6,7,4,6,6,5,sonnet-3-5
HousePrice-8,persona_88,6,7,7,5,7,6,6,sonnet-3-5
HousePrice-8,persona_89,6,7,7,5,7,7,6,sonnet-3-5
HousePrice-4,persona_90,6,6,6,4,5,5,5,sonnet-3-5
HousePrice-4,persona_91,5,6,7,4,5,5,5,sonnet-3-5
HousePrice-4,persona_92,5,5,6,4,6,5,5,sonnet-3-5
HousePrice-4,persona_93,5,5,6,4,5,5,5,sonnet-3-5
HousePrice-4,persona_94,6,6,7,4,5,6,5,sonnet-3-5
HousePrice-4,persona_95,5,6,6,4,5,5,5,sonnet-3-5
HousePrice-5,persona_90,6,7,6,5,5,6,5,sonnet-3-5
HousePrice-5,persona_91,6,6,7,4,5,6,5,sonnet-3-5
HousePrice-5,persona_92,5,6,6,4,6,5,5,sonnet-3-5
HousePrice-5,persona_93,6,6,6,5,5,6,5,sonnet-3-5
HousePrice-5,persona_94,7,7,7,5,6,7,6,sonnet-3-5
HousePrice-5,persona_95,6,6,7,4,5,6,5,sonnet-3-5
HousePrice-6,persona_90,5,6,6,4,6,5,5,sonnet-3-5
HousePrice-6,persona_91,5,6,7,4,6,5,5,sonnet-3-5
HousePrice-6,persona_92,6,6,6,5,7,6,6,sonnet-3-5
HousePrice-6,persona_93,5,6,6,4,6,5,5,sonnet-3-5
HousePrice-6,persona_94,6,7,7,5,6,6,6,sonnet-3-5
HousePrice-6,persona_95,5,6,7,4,6,5,5,sonnet-3-5
HousePrice-7,persona_90,6,7,6,5,6,6,6,sonnet-3-5
HousePrice-7,persona_91,6,7,7,5,6,6,6,sonnet-3-5
HousePrice-7,persona_92,6,6,6,5,7,6,6,sonnet-3-5
HousePrice-7,persona_93,6,6,6,5,6,6,6,sonnet-3-5
HousePrice-7,persona_94,7,7,7,5,6,7,6,sonnet-3-5
HousePrice-7,persona_95,6,7,7,5,6,6,6,sonnet-3-5
HousePrice-8,persona_90,6,7,6,5,6,6,6,sonnet-3-5
HousePrice-8,persona_91,6,7,7,5,6,6,6,sonnet-3-5
HousePrice-8,persona_92,6,6,6,5,7,6,6,sonnet-3-5
HousePrice-8,persona_93,6,6,6,5,6,6,6,sonnet-3-5
HousePrice-8,persona_94,7,7,7,5,6,7,6,sonnet-3-5
HousePrice-8,persona_95,6,7,7,5,6,6,6,sonnet-3-5
HousePrice-9,persona_90,6,7,7,5,5,6,6,sonnet-3-5
HousePrice-9,persona_91,6,7,7,5,5,6,6,sonnet-3-5
HousePrice-9,persona_92,6,6,7,5,6,6,6,sonnet-3-5
HousePrice-9,persona_93,6,6,7,5,5,6,6,sonnet-3-5
HousePrice-9,persona_94,7,7,7,5,5,7,6,sonnet-3-5
HousePrice-9,persona_95,6,7,7,5,5,6,6,sonnet-3-5
HousePrice-5,persona_96,5,6,6,4,5,5,4,sonnet-3-5
HousePrice-5,persona_97,6,5,6,4,5,5,5,sonnet-3-5
HousePrice-5,persona_98,5,6,6,4,6,5,5,sonnet-3-5
HousePrice-5,persona_99,6,7,6,5,5,6,5,sonnet-3-5
HousePrice-5,persona_100,5,6,7,4,5,6,5,sonnet-3-5
HousePrice-5,persona_101,6,6,6,5,5,6,5,sonnet-3-5
HousePrice-6,persona_96,6,7,6,5,6,6,5,sonnet-3-5
HousePrice-6,persona_97,5,6,6,4,6,5,5,sonnet-3-5
HousePrice-6,persona_98,6,7,6,5,7,6,6,sonnet-3-5
HousePrice-6,persona_99,7,7,6,6,6,6,6,sonnet-3-5
HousePrice-6,persona_100,6,6,7,5,6,6,5,sonnet-3-5
HousePrice-6,persona_101,6,7,6,5,6,6,6,sonnet-3-5
HousePrice-7,persona_96,6,7,7,5,6,6,6,sonnet-3-5
HousePrice-7,persona_97,5,6,7,4,5,6,5,sonnet-3-5
HousePrice-7,persona_98,6,7,7,5,6,6,6,sonnet-3-5
HousePrice-7,persona_99,7,7,7,6,6,7,6,sonnet-3-5
HousePrice-7,persona_100,6,7,7,5,5,7,6,sonnet-3-5
HousePrice-7,persona_101,6,7,7,5,6,7,6,sonnet-3-5
HousePrice-8,persona_96,6,7,7,5,6,6,6,sonnet-3-5
HousePrice-8,persona_97,5,6,7,4,6,6,5,sonnet-3-5
HousePrice-8,persona_98,6,7,7,5,7,6,6,sonnet-3-5
HousePrice-8,persona_99,7,7,7,6,6,7,6,sonnet-3-5
HousePrice-8,persona_100,6,7,7,5,6,7,6,sonnet-3-5
HousePrice-8,persona_101,6,7,7,5,6,7,6,sonnet-3-5
HousePrice-9,persona_96,7,7,7,6,6,7,6,sonnet-3-5
HousePrice-9,persona_97,6,6,7,5,5,6,5,sonnet-3-5
HousePrice-9,persona_98,7,7,7,6,6,7,6,sonnet-3-5
HousePrice-9,persona_99,7,7,7,6,6,7,6,sonnet-3-5
HousePrice-9,persona_100,7,7,7,6,6,7,6,sonnet-3-5
HousePrice-9,persona_101,7,7,7,6,6,7,6,sonnet-3-5
HousePrice-10,persona_96,5,6,6,4,5,5,4,sonnet-3-5
HousePrice-10,persona_97,5,5,6,4,4,5,4,sonnet-3-5
HousePrice-10,persona_98,5,6,6,4,5,5,5,sonnet-3-5
HousePrice-10,persona_99,6,6,6,5,5,6,5,sonnet-3-5
HousePrice-10,persona_100,5,6,6,4,4,5,4,sonnet-3-5
HousePrice-10,persona_101,5,6,6,4,5,5,5,sonnet-3-5
HousePrice-6,persona_102,6,7,6,5,5,6,5,sonnet-3-5
HousePrice-6,persona_103,5,6,5,6,4,5,5,sonnet-3-5
HousePrice-6,persona_104,6,6,5,4,6,5,4,sonnet-3-5
HousePrice-6,persona_105,5,7,6,5,5,6,5,sonnet-3-5
HousePrice-6,persona_106,7,7,6,4,5,6,5,sonnet-3-5
HousePrice-6,persona_107,5,6,5,6,4,5,4,sonnet-3-5
HousePrice-7,persona_102,6,6,6,4,6,7,5,sonnet-3-5
HousePrice-7,persona_103,5,5,5,5,5,6,5,sonnet-3-5
HousePrice-7,persona_104,7,6,6,4,7,7,6,sonnet-3-5
HousePrice-7,persona_105,6,6,5,4,6,6,5,sonnet-3-5
HousePrice-7,persona_106,7,7,7,4,6,7,6,sonnet-3-5
HousePrice-7,persona_107,5,6,5,5,5,6,5,sonnet-3-5
HousePrice-8,persona_102,7,7,6,5,7,6,6,sonnet-3-5
HousePrice-8,persona_103,6,6,5,6,6,5,5,sonnet-3-5
HousePrice-8,persona_104,7,7,6,5,7,6,6,sonnet-3-5
HousePrice-8,persona_105,6,7,6,5,6,6,5,sonnet-3-5
HousePrice-8,persona_106,7,7,7,4,6,7,6,sonnet-3-5
HousePrice-8,persona_107,6,6,5,6,6,5,5,sonnet-3-5
HousePrice-9,persona_102,5,6,6,4,5,5,5,sonnet-3-5
HousePrice-9,persona_103,4,5,5,5,4,4,4,sonnet-3-5
HousePrice-9,persona_104,6,6,6,4,6,6,5,sonnet-3-5
HousePrice-9,persona_105,5,6,5,4,5,5,4,sonnet-3-5
HousePrice-9,persona_106,6,7,6,3,5,6,5,sonnet-3-5
HousePrice-9,persona_107,4,5,5,5,4,4,4,sonnet-3-5
HousePrice-10,persona_102,6,7,6,5,6,6,5,sonnet-3-5
HousePrice-10,persona_103,5,6,5,6,5,5,5,sonnet-3-5
HousePrice-10,persona_104,7,7,6,4,7,6,6,sonnet-3-5
HousePrice-10,persona_105,6,7,6,5,6,6,5,sonnet-3-5
HousePrice-10,persona_106,7,7,7,4,6,7,6,sonnet-3-5
HousePrice-10,persona_107,5,6,5,6,5,5,5,sonnet-3-5
HousePrice-11,persona_102,7,7,6,5,7,6,6,sonnet-3-5
HousePrice-11,persona_103,6,6,5,6,6,5,5,sonnet-3-5
HousePrice-11,persona_104,7,7,6,5,7,6,6,sonnet-3-5
HousePrice-11,persona_105,6,7,6,5,6,6,5,sonnet-3-5
HousePrice-11,persona_106,7,7,7,4,6,7,6,sonnet-3-5
HousePrice-11,persona_107,6,6,5,6,6,5,5,sonnet-3-5
HousePrice-7,persona_108,6,6,6,5,5,6,5,sonnet-3-5
HousePrice-7,persona_109,5,5,6,4,5,5,4,sonnet-3-5
HousePrice-7,persona_110,6,6,6,4,5,6,5,sonnet-3-5
HousePrice-7,persona_111,5,5,6,4,6,5,5,sonnet-3-5
HousePrice-7,persona_112,6,6,6,5,5,6,5,sonnet-3-5
HousePrice-7,persona_113,6,6,6,5,5,6,5,sonnet-3-5
HousePrice-8,persona_108,6,6,6,5,6,6,5,sonnet-3-5
HousePrice-8,persona_109,5,6,6,4,6,5,4,sonnet-3-5
HousePrice-8,persona_110,6,6,6,4,6,6,5,sonnet-3-5
HousePrice-8,persona_111,5,5,6,4,7,5,5,sonnet-3-5
HousePrice-8,persona_112,6,6,6,5,6,6,5,sonnet-3-5
HousePrice-8,persona_113,6,6,6,5,6,6,5,sonnet-3-5
HousePrice-9,persona_108,6,7,6,5,5,5,5,sonnet-3-5
HousePrice-9,persona_109,5,6,6,4,5,4,4,sonnet-3-5
HousePrice-9,persona_110,6,7,6,4,5,5,5,sonnet-3-5
HousePrice-9,persona_111,5,6,6,4,6,4,5,sonnet-3-5
HousePrice-9,persona_112,6,7,6,5,5,5,5,sonnet-3-5
HousePrice-9,persona_113,6,7,6,5,5,5,5,sonnet-3-5
HousePrice-10,persona_108,5,6,6,5,5,5,5,sonnet-3-5
HousePrice-10,persona_109,5,5,6,4,5,5,4,sonnet-3-5
HousePrice-10,persona_110,5,6,6,4,5,5,5,sonnet-3-5
HousePrice-10,persona_111,4,5,6,4,6,4,5,sonnet-3-5
HousePrice-10,persona_112,5,6,6,5,5,5,5,sonnet-3-5
HousePrice-10,persona_113,5,6,6,5,5,5,5,sonnet-3-5
HousePrice-11,persona_108,6,7,6,6,6,6,6,sonnet-3-5
HousePrice-11,persona_109,5,6,6,5,6,5,5,sonnet-3-5
HousePrice-11,persona_110,6,7,6,5,6,6,6,sonnet-3-5
HousePrice-11,persona_111,5,6,6,5,7,5,6,sonnet-3-5
HousePrice-11,persona_112,6,7,6,6,6,6,6,sonnet-3-5
HousePrice-11,persona_113,6,7,6,6,6,6,6,sonnet-3-5
HousePrice-12,persona_108,7,7,6,6,6,6,6,sonnet-3-5
HousePrice-12,persona_109,6,6,6,5,6,5,5,sonnet-3-5
HousePrice-12,persona_110,7,7,6,5,6,6,6,sonnet-3-5
HousePrice-12,persona_111,6,6,6,5,7,5,6,sonnet-3-5
HousePrice-12,persona_112,7,7,6,6,6,6,6,sonnet-3-5
HousePrice-12,persona_113,7,7,6,6,6,6,6,sonnet-3-5
HousePrice-8,persona_114,5,6,6,4,5,5,4,sonnet-3-5
HousePrice-8,persona_115,6,5,6,3,6,6,5,sonnet-3-5
HousePrice-8,persona_116,5,6,5,4,6,5,4,sonnet-3-5
HousePrice-8,persona_117,6,5,6,3,5,6,5,sonnet-3-5
HousePrice-8,persona_118,6,7,6,5,6,5,5,sonnet-3-5
HousePrice-8,persona_119,5,6,5,4,5,5,4,sonnet-3-5
HousePrice-9,persona_114,6,7,6,5,6,6,5,sonnet-3-5
HousePrice-9,persona_115,7,6,7,4,5,7,6,sonnet-3-5
HousePrice-9,persona_116,6,7,6,5,6,6,5,sonnet-3-5
HousePrice-9,persona_117,7,6,7,4,5,7,6,sonnet-3-5
HousePrice-9,persona_118,7,7,7,6,6,6,6,sonnet-3-5
HousePrice-9,persona_119,6,7,6,5,6,6,5,sonnet-3-5
HousePrice-10,persona_114,5,6,5,4,5,5,4,sonnet-3-5
HousePrice-10,persona_115,6,5,6,3,4,6,5,sonnet-3-5
HousePrice-10,persona_116,5,6,5,4,5,5,4,sonnet-3-5
HousePrice-10,persona_117,6,5,6,3,4,6,5,sonnet-3-5
HousePrice-10,persona_118,6,6,6,5,5,5,5,sonnet-3-5
HousePrice-10,persona_119,5,6,5,4,5,5,4,sonnet-3-5
HousePrice-11,persona_114,6,7,6,5,7,6,5,sonnet-3-5
HousePrice-11,persona_115,7,6,7,4,6,7,6,sonnet-3-5
HousePrice-11,persona_116,6,7,6,5,7,6,5,sonnet-3-5
HousePrice-11,persona_117,7,6,7,4,6,7,6,sonnet-3-5
HousePrice-11,persona_118,7,7,7,6,7,6,6,sonnet-3-5
HousePrice-11,persona_119,6,7,6,5,7,6,5,sonnet-3-5
HousePrice-12,persona_114,6,7,6,5,6,6,5,sonnet-3-5
HousePrice-12,persona_115,7,6,7,4,5,7,6,sonnet-3-5
HousePrice-12,persona_116,6,7,6,5,6,6,5,sonnet-3-5
HousePrice-12,persona_117,7,6,7,4,5,7,6,sonnet-3-5
HousePrice-12,persona_118,7,7,7,6,6,6,6,sonnet-3-5
HousePrice-12,persona_119,6,7,6,5,6,6,5,sonnet-3-5
HousePrice-1,persona_114,6,7,6,5,7,6,5,sonnet-3-5
HousePrice-1,persona_115,7,6,7,4,6,7,6,sonnet-3-5
HousePrice-1,persona_116,6,7,6,5,7,6,5,sonnet-3-5
HousePrice-1,persona_117,7,6,7,4,6,7,6,sonnet-3-5
HousePrice-1,persona_118,7,7,7,6,7,6,6,sonnet-3-5
HousePrice-1,persona_119,6,7,6,5,7,6,5,sonnet-3-5
HousePrice-9,persona_120,6,6,6,5,5,5,5,sonnet-3-5
HousePrice-9,persona_121,5,6,7,4,5,6,5,sonnet-3-5
HousePrice-9,persona_122,5,7,6,4,6,5,5,sonnet-3-5
HousePrice-9,persona_123,6,7,6,5,5,6,5,sonnet-3-5
HousePrice-9,persona_124,5,6,7,4,5,6,5,sonnet-3-5
HousePrice-9,persona_125,5,6,7,4,5,6,5,sonnet-3-5
HousePrice-10,persona_120,5,5,6,4,4,5,4,sonnet-3-5
HousePrice-10,persona_121,4,5,6,3,4,5,4,sonnet-3-5
HousePrice-10,persona_122,4,6,5,3,5,4,4,sonnet-3-5
HousePrice-10,persona_123,5,6,5,4,4,5,4,sonnet-3-5
HousePrice-10,persona_124,4,5,6,3,4,5,4,sonnet-3-5
HousePrice-10,persona_125,4,5,6,3,4,5,4,sonnet-3-5
HousePrice-11,persona_120,6,7,6,5,6,6,5,sonnet-3-5
HousePrice-11,persona_121,5,6,7,4,6,6,5,sonnet-3-5
HousePrice-11,persona_122,6,7,6,4,7,5,5,sonnet-3-5
HousePrice-11,persona_123,6,7,6,5,6,6,5,sonnet-3-5
HousePrice-11,persona_124,5,6,7,4,6,6,5,sonnet-3-5
HousePrice-11,persona_125,5,6,7,4,6,6,5,sonnet-3-5
HousePrice-12,persona_120,6,7,6,5,6,6,5,sonnet-3-5
HousePrice-12,persona_121,5,6,7,4,6,6,5,sonnet-3-5
HousePrice-12,persona_122,6,7,6,4,7,5,5,sonnet-3-5
HousePrice-12,persona_123,6,7,6,5,6,6,5,sonnet-3-5
HousePrice-12,persona_124,5,6,7,4,6,6,5,sonnet-3-5
HousePrice-12,persona_125,5,6,7,4,6,6,5,sonnet-3-5
HousePrice-1,persona_120,5,6,6,4,5,5,4,sonnet-3-5
HousePrice-1,persona_121,4,5,6,3,5,5,4,sonnet-3-5
HousePrice-1,persona_122,5,6,5,3,6,4,4,sonnet-3-5
HousePrice-1,persona_123,5,6,5,4,5,5,4,sonnet-3-5
HousePrice-1,persona_124,4,5,6,3,5,5,4,sonnet-3-5
HousePrice-1,persona_125,4,5,6,3,5,5,4,sonnet-3-5
HousePrice-2,persona_120,4,5,5,3,4,4,3,sonnet-3-5
HousePrice-2,persona_121,3,4,5,2,4,4,3,sonnet-3-5
HousePrice-2,persona_122,4,5,4,2,5,3,3,sonnet-3-5
HousePrice-2,persona_123,4,5,4,3,4,4,3,sonnet-3-5
HousePrice-2,persona_124,3,4,5,2,4,4,3,sonnet-3-5
HousePrice-2,persona_125,3,4,5,2,4,4,3,sonnet-3-5
HousePrice-10,persona_126,6,7,6,5,5,6,5,sonnet-3-5
HousePrice-10,persona_127,5,6,6,4,4,5,5,sonnet-3-5
HousePrice-10,persona_128,4,5,5,3,4,4,4,sonnet-3-5
HousePrice-10,persona_129,6,7,6,5,5,6,5,sonnet-3-5
HousePrice-10,persona_130,5,6,6,4,5,5,5,sonnet-3-5
HousePrice-10,persona_131,7,7,6,6,5,6,6,sonnet-3-5
HousePrice-11,persona_126,7,7,6,6,7,6,6,sonnet-3-5
HousePrice-11,persona_127,6,6,6,5,6,6,5,sonnet-3-5
HousePrice-11,persona_128,5,6,5,4,6,5,5,sonnet-3-5
HousePrice-11,persona_129,6,7,6,5,7,6,6,sonnet-3-5
HousePrice-11,persona_130,6,6,6,5,6,6,5,sonnet-3-5
HousePrice-11,persona_131,7,7,6,6,7,6,6,sonnet-3-5
HousePrice-12,persona_126,7,7,6,6,6,6,6,sonnet-3-5
HousePrice-12,persona_127,6,6,6,5,5,6,5,sonnet-3-5
HousePrice-12,persona_128,5,6,5,4,5,5,5,sonnet-3-5
HousePrice-12,persona_129,6,7,6,5,6,6,6,sonnet-3-5
HousePrice-12,persona_130,6,6,6,5,5,6,5,sonnet-3-5
HousePrice-12,persona_131,7,7,6,6,6,6,6,sonnet-3-5
HousePrice-1,persona_126,5,6,5,4,4,5,4,sonnet-3-5
HousePrice-1,persona_127,4,5,5,3,3,4,4,sonnet-3-5
HousePrice-1,persona_128,3,4,4,2,3,3,3,sonnet-3-5
HousePrice-1,persona_129,5,6,5,4,4,5,4,sonnet-3-5
HousePrice-1,persona_130,4,5,5,3,4,4,4,sonnet-3-5
HousePrice-1,persona_131,6,6,5,5,4,5,5,sonnet-3-5
HousePrice-2,persona_126,6,7,6,5,5,6,5,sonnet-3-5
HousePrice-2,persona_127,5,6,6,4,4,5,5,sonnet-3-5
HousePrice-2,persona_128,4,5,5,3,4,4,4,sonnet-3-5
HousePrice-2,persona_129,6,7,6,5,5,6,5,sonnet-3-5
HousePrice-2,persona_130,5,6,6,4,5,5,5,sonnet-3-5
HousePrice-2,persona_131,7,7,6,6,5,6,6,sonnet-3-5
HousePrice-3,persona_126,6,7,6,5,6,5,5,sonnet-3-5
HousePrice-3,persona_127,5,6,6,4,5,5,5,sonnet-3-5
HousePrice-3,persona_128,4,5,5,3,5,4,4,sonnet-3-5
HousePrice-3,persona_129,6,7,6,5,6,5,5,sonnet-3-5
HousePrice-3,persona_130,5,6,6,4,5,5,5,sonnet-3-5
HousePrice-3,persona_131,7,7,6,6,6,5,6,sonnet-3-5
HousePrice-11,persona_132,6,7,6,5,7,6,5,sonnet-3-5
HousePrice-11,persona_133,5,6,6,4,6,5,5,sonnet-3-5
HousePrice-11,persona_134,5,5,7,4,5,6,5,sonnet-3-5
HousePrice-11,persona_135,6,7,5,5,7,5,6,sonnet-3-5
HousePrice-11,persona_136,6,6,6,5,6,6,5,sonnet-3-5
HousePrice-11,persona_137,7,7,5,6,7,5,6,sonnet-3-5
HousePrice-12,persona_132,7,7,6,6,7,7,6,sonnet-3-5
HousePrice-12,persona_133,6,6,7,5,6,6,5,sonnet-3-5
HousePrice-12,persona_134,6,6,7,5,5,7,6,sonnet-3-5
HousePrice-12,persona_135,7,7,6,6,7,6,6,sonnet-3-5
HousePrice-12,persona_136,7,7,6,6,6,7,6,sonnet-3-5
HousePrice-12,persona_137,7,7,5,6,7,6,6,sonnet-3-5
HousePrice-1,persona_132,6,7,6,5,7,6,5,sonnet-3-5
HousePrice-1,persona_133,5,6,6,4,6,5,5,sonnet-3-5
HousePrice-1,persona_134,5,5,7,4,5,6,5,sonnet-3-5
HousePrice-1,persona_135,6,7,5,5,7,5,6,sonnet-3-5
HousePrice-1,persona_136,6,6,6,5,6,6,5,sonnet-3-5
HousePrice-1,persona_137,7,7,5,6,7,5,6,sonnet-3-5
HousePrice-2,persona_132,5,6,5,4,5,5,4,sonnet-3-5
HousePrice-2,persona_133,4,5,6,3,4,5,4,sonnet-3-5
HousePrice-2,persona_134,5,5,6,3,4,6,5,sonnet-3-5
HousePrice-2,persona_135,5,6,5,4,5,4,5,sonnet-3-5
HousePrice-2,persona_136,5,5,6,4,5,5,4,sonnet-3-5
HousePrice-2,persona_137,6,6,5,5,6,4,5,sonnet-3-5
HousePrice-3,persona_132,6,7,6,5,7,6,5,sonnet-3-5
HousePrice-3,persona_133,5,6,7,4,6,6,5,sonnet-3-5
HousePrice-3,persona_134,6,6,7,4,5,7,6,sonnet-3-5
HousePrice-3,persona_135,6,7,6,5,7,5,6,sonnet-3-5
HousePrice-3,persona_136,6,6,7,5,6,6,5,sonnet-3-5
HousePrice-3,persona_137,7,7,6,6,7,5,6,sonnet-3-5
HousePrice-4,persona_132,5,6,6,4,6,5,5,sonnet-3-5
HousePrice-4,persona_133,4,5,6,3,5,5,4,sonnet-3-5
HousePrice-4,persona_134,5,5,7,3,4,6,5,sonnet-3-5
HousePrice-4,persona_135,5,6,5,4,6,4,5,sonnet-3-5
HousePrice-4,persona_136,5,5,6,4,5,5,4,sonnet-3-5
HousePrice-4,persona_137,6,6,5,5,6,4,5,sonnet-3-5
HousePrice-12,persona_138,6,7,6,5,7,6,5,sonnet-3-5
HousePrice-12,persona_139,7,7,7,6,6,7,6,sonnet-3-5
HousePrice-12,persona_140,5,6,6,4,7,5,4,sonnet-3-5
HousePrice-12,persona_141,6,7,6,7,6,6,5,sonnet-3-5
HousePrice-12,persona_142,5,6,6,5,5,5,4,sonnet-3-5
HousePrice-12,persona_143,6,7,7,5,6,6,5,sonnet-3-5
HousePrice-1,persona_138,5,6,6,4,7,5,4,sonnet-3-5
HousePrice-1,persona_139,6,7,7,5,6,6,5,sonnet-3-5
HousePrice-1,persona_140,4,5,6,3,6,4,3,sonnet-3-5
HousePrice-1,persona_141,5,6,6,6,5,5,4,sonnet-3-5
HousePrice-1,persona_142,4,5,6,4,4,4,3,sonnet-3-5
HousePrice-1,persona_143,5,6,7,4,5,5,4,sonnet-3-5
HousePrice-2,persona_138,4,5,5,3,4,4,3,sonnet-3-5
HousePrice-2,persona_139,5,6,6,4,5,5,4,sonnet-3-5
HousePrice-2,persona_140,3,4,5,2,3,3,2,sonnet-3-5
HousePrice-2,persona_141,4,5,5,5,4,4,3,sonnet-3-5
HousePrice-2,persona_142,3,4,5,3,3,3,2,sonnet-3-5
HousePrice-2,persona_143,4,5,6,3,4,4,3,sonnet-3-5
HousePrice-3,persona_138,5,6,6,4,6,5,4,sonnet-3-5
HousePrice-3,persona_139,6,7,7,5,5,6,5,sonnet-3-5
HousePrice-3,persona_140,4,5,6,3,5,4,3,sonnet-3-5
HousePrice-3,persona_141,5,6,6,6,5,5,4,sonnet-3-5
HousePrice-3,persona_142,4,5,6,4,4,4,3,sonnet-3-5
HousePrice-3,persona_143,5,6,7,4,5,5,4,sonnet-3-5
HousePrice-4,persona_138,6,7,6,5,7,6,5,sonnet-3-5
HousePrice-4,persona_139,7,7,7,6,6,7,6,sonnet-3-5
HousePrice-4,persona_140,5,6,6,4,6,5,4,sonnet-3-5
HousePrice-4,persona_141,6,7,6,7,6,6,5,sonnet-3-5
HousePrice-4,persona_142,5,6,6,5,5,5,4,sonnet-3-5
HousePrice-4,persona_143,6,7,7,5,6,6,5,sonnet-3-5
HousePrice-5,persona_138,5,6,6,4,6,5,4,sonnet-3-5
HousePrice-5,persona_139,6,7,7,5,5,6,5,sonnet-3-5
HousePrice-5,persona_140,4,5,6,3,5,4,3,sonnet-3-5
HousePrice-5,persona_141,5,6,6,6,5,5,4,sonnet-3-5
HousePrice-5,persona_142,4,5,6,4,4,4,3,sonnet-3-5
HousePrice-5,persona_143,5,6,7,4,5,5,4,sonnet-3-5
GlobalWarming-1,persona_144,6,7,6,5,5,6,5,sonnet-3-5
GlobalWarming-1,persona_145,5,5,6,4,5,6,4,sonnet-3-5
GlobalWarming-1,persona_146,5,6,6,4,6,5,4,sonnet-3-5
GlobalWarming-1,persona_147,6,7,6,5,7,6,5,sonnet-3-5
GlobalWarming-1,persona_148,5,6,6,4,6,5,4,sonnet-3-5
GlobalWarming-1,persona_149,6,7,6,5,6,6,5,sonnet-3-5
GlobalWarming-2,persona_144,5,7,6,5,6,5,5,sonnet-3-5
GlobalWarming-2,persona_145,4,5,5,3,5,4,4,sonnet-3-5
GlobalWarming-2,persona_146,4,6,5,3,5,4,4,sonnet-3-5
GlobalWarming-2,persona_147,5,7,6,4,6,5,5,sonnet-3-5
GlobalWarming-2,persona_148,5,6,5,3,6,4,4,sonnet-3-5
GlobalWarming-2,persona_149,5,7,6,4,5,5,5,sonnet-3-5
GlobalWarming-3,persona_144,5,7,6,5,6,5,5,sonnet-3-5
GlobalWarming-3,persona_145,4,5,6,3,5,4,4,sonnet-3-5
GlobalWarming-3,persona_146,4,6,6,3,5,4,4,sonnet-3-5
GlobalWarming-3,persona_147,5,7,6,4,6,5,5,sonnet-3-5
GlobalWarming-3,persona_148,5,6,6,3,6,4,4,sonnet-3-5
GlobalWarming-3,persona_149,5,7,6,4,6,5,5,sonnet-3-5
GlobalWarming-4,persona_144,6,7,6,5,5,6,5,sonnet-3-5
GlobalWarming-4,persona_145,5,5,6,4,5,6,4,sonnet-3-5
GlobalWarming-4,persona_146,5,6,6,4,5,6,4,sonnet-3-5
GlobalWarming-4,persona_147,6,6,6,4,6,6,5,sonnet-3-5
GlobalWarming-4,persona_148,5,5,6,3,5,5,4,sonnet-3-5
GlobalWarming-4,persona_149,6,6,6,4,5,6,5,sonnet-3-5
GlobalWarming-5,persona_144,6,7,6,5,6,6,5,sonnet-3-5
GlobalWarming-5,persona_145,5,5,6,4,6,5,4,sonnet-3-5
GlobalWarming-5,persona_146,5,6,6,4,6,5,4,sonnet-3-5
GlobalWarming-5,persona_147,6,7,6,5,7,6,5,sonnet-3-5
GlobalWarming-5,persona_148,5,6,6,4,7,5,4,sonnet-3-5
GlobalWarming-5,persona_149,6,7,6,5,7,6,5,sonnet-3-5
GlobalWarming-6,persona_144,5,7,7,5,5,6,5,sonnet-3-5
GlobalWarming-6,persona_145,4,5,6,3,4,5,4,sonnet-3-5
GlobalWarming-6,persona_146,4,6,6,3,4,5,4,sonnet-3-5
GlobalWarming-6,persona_147,5,7,7,4,5,6,5,sonnet-3-5
GlobalWarming-6,persona_148,4,6,6,3,5,5,4,sonnet-3-5
GlobalWarming-6,persona_149,5,7,7,4,5,6,5,sonnet-3-5
GlobalWarming-2,persona_150,5,6,6,5,5,5,5,sonnet-3-5
GlobalWarming-2,persona_151,4,5,6,4,5,5,5,sonnet-3-5
GlobalWarming-2,persona_152,6,7,7,6,6,6,6,sonnet-3-5
GlobalWarming-2,persona_153,5,6,7,5,5,6,5,sonnet-3-5
GlobalWarming-2,persona_154,6,7,7,5,6,6,6,sonnet-3-5
GlobalWarming-2,persona_155,5,6,6,5,5,5,5,sonnet-3-5
GlobalWarming-3,persona_150,4,6,6,5,6,5,5,sonnet-3-5
GlobalWarming-3,persona_151,5,6,7,4,6,6,5,sonnet-3-5
GlobalWarming-3,persona_152,6,7,7,6,7,6,6,sonnet-3-5
GlobalWarming-3,persona_153,6,7,7,5,6,6,6,sonnet-3-5
GlobalWarming-3,persona_154,5,7,7,5,6,6,6,sonnet-3-5
GlobalWarming-3,persona_155,5,6,6,5,6,5,5,sonnet-3-5
GlobalWarming-4,persona_150,6,5,6,5,6,6,5,sonnet-3-5
GlobalWarming-4,persona_151,6,5,7,4,6,6,5,sonnet-3-5
GlobalWarming-4,persona_152,7,6,7,6,6,7,6,sonnet-3-5
GlobalWarming-4,persona_153,6,6,7,5,6,6,6,sonnet-3-5
GlobalWarming-4,persona_154,7,6,7,5,6,7,6,sonnet-3-5
GlobalWarming-4,persona_155,6,5,6,5,6,6,5,sonnet-3-5
GlobalWarming-5,persona_150,5,6,6,5,7,6,6,sonnet-3-5
GlobalWarming-5,persona_151,5,6,7,4,7,6,5,sonnet-3-5
GlobalWarming-5,persona_152,6,7,7,6,7,7,6,sonnet-3-5
GlobalWarming-5,persona_153,6,7,7,5,7,7,6,sonnet-3-5
GlobalWarming-5,persona_154,6,7,7,5,7,7,6,sonnet-3-5
GlobalWarming-5,persona_155,5,6,6,5,7,6,6,sonnet-3-5
GlobalWarming-6,persona_150,6,7,7,6,5,6,5,sonnet-3-5
GlobalWarming-6,persona_151,5,6,7,5,5,6,5,sonnet-3-5
GlobalWarming-6,persona_152,7,7,7,6,6,7,6,sonnet-3-5
GlobalWarming-6,persona_153,6,7,7,6,5,7,6,sonnet-3-5
GlobalWarming-6,persona_154,7,7,7,6,6,7,6,sonnet-3-5
GlobalWarming-6,persona_155,6,7,7,6,5,6,5,sonnet-3-5
GlobalWarming-7,persona_150,6,7,7,6,6,7,6,sonnet-3-5
GlobalWarming-7,persona_151,6,6,7,5,6,7,6,sonnet-3-5
GlobalWarming-7,persona_152,7,7,7,7,7,7,7,sonnet-3-5
GlobalWarming-7,persona_153,7,7,7,6,6,7,6,sonnet-3-5
GlobalWarming-7,persona_154,7,7,7,6,7,7,7,sonnet-3-5
GlobalWarming-7,persona_155,6,7,7,6,6,7,6,sonnet-3-5
GlobalWarming-3,persona_156,6,7,6,5,5,6,5,sonnet-3-5
GlobalWarming-3,persona_157,5,6,6,5,5,5,5,sonnet-3-5
GlobalWarming-3,persona_158,6,7,6,6,6,5,5,sonnet-3-5
GlobalWarming-3,persona_159,6,7,6,5,5,6,5,sonnet-3-5
GlobalWarming-3,persona_160,5,6,6,5,5,5,5,sonnet-3-5
GlobalWarming-3,persona_161,7,7,7,6,5,6,6,sonnet-3-5
GlobalWarming-4,persona_156,6,5,6,4,6,6,5,sonnet-3-5
GlobalWarming-4,persona_157,5,5,6,4,6,5,5,sonnet-3-5
GlobalWarming-4,persona_158,5,6,6,5,7,5,5,sonnet-3-5
GlobalWarming-4,persona_159,6,6,6,4,6,6,5,sonnet-3-5
GlobalWarming-4,persona_160,5,5,6,4,6,5,5,sonnet-3-5
GlobalWarming-4,persona_161,7,6,7,5,6,6,6,sonnet-3-5
GlobalWarming-5,persona_156,6,7,6,5,7,6,6,sonnet-3-5
GlobalWarming-5,persona_157,5,6,6,5,7,5,5,sonnet-3-5
GlobalWarming-5,persona_158,7,7,6,6,7,6,6,sonnet-3-5
GlobalWarming-5,persona_159,6,7,6,5,7,6,6,sonnet-3-5
GlobalWarming-5,persona_160,6,6,6,5,7,5,5,sonnet-3-5
GlobalWarming-5,persona_161,7,7,7,6,7,6,6,sonnet-3-5
GlobalWarming-6,persona_156,7,7,7,6,6,7,6,sonnet-3-5
GlobalWarming-6,persona_157,6,6,7,5,5,6,5,sonnet-3-5
GlobalWarming-6,persona_158,7,7,7,6,6,6,6,sonnet-3-5
GlobalWarming-6,persona_159,7,7,7,6,5,7,6,sonnet-3-5
GlobalWarming-6,persona_160,6,6,7,5,5,6,5,sonnet-3-5
GlobalWarming-6,persona_161,7,7,7,6,5,7,7,sonnet-3-5
GlobalWarming-7,persona_156,7,7,7,6,6,7,6,sonnet-3-5
GlobalWarming-7,persona_157,6,6,7,5,6,6,5,sonnet-3-5
GlobalWarming-7,persona_158,7,7,7,6,7,6,6,sonnet-3-5
GlobalWarming-7,persona_159,7,7,7,6,6,7,6,sonnet-3-5
GlobalWarming-7,persona_160,6,6,7,5,6,6,5,sonnet-3-5
GlobalWarming-7,persona_161,7,7,7,6,6,7,7,sonnet-3-5
GlobalWarming-8,persona_156,7,7,7,6,6,7,6,sonnet-3-5
GlobalWarming-8,persona_157,6,6,7,5,6,6,5,sonnet-3-5
GlobalWarming-8,persona_158,7,7,7,6,7,6,6,sonnet-3-5
GlobalWarming-8,persona_159,7,7,7,6,6,7,6,sonnet-3-5
GlobalWarming-8,persona_160,6,6,7,5,6,6,5,sonnet-3-5
GlobalWarming-8,persona_161,7,7,7,6,6,7,7,sonnet-3-5
GlobalWarming-4,persona_162,6,5,6,5,4,6,5,sonnet-3-5
GlobalWarming-4,persona_163,5,6,6,4,5,5,5,sonnet-3-5
GlobalWarming-4,persona_164,6,6,6,5,5,6,5,sonnet-3-5
GlobalWarming-4,persona_165,5,5,6,4,4,5,5,sonnet-3-5
GlobalWarming-4,persona_166,5,5,6,4,4,5,5,sonnet-3-5
GlobalWarming-4,persona_167,6,6,6,5,5,6,6,sonnet-3-5
GlobalWarming-5,persona_162,5,6,6,5,6,5,5,sonnet-3-5
GlobalWarming-5,persona_163,6,7,6,5,7,6,6,sonnet-3-5
GlobalWarming-5,persona_164,6,7,6,6,6,6,6,sonnet-3-5
GlobalWarming-5,persona_165,5,6,6,5,6,5,5,sonnet-3-5
GlobalWarming-5,persona_166,5,6,6,5,6,5,5,sonnet-3-5
GlobalWarming-5,persona_167,6,7,6,6,7,6,6,sonnet-3-5
GlobalWarming-6,persona_162,5,6,7,5,5,5,5,sonnet-3-5
GlobalWarming-6,persona_163,6,6,7,5,5,6,5,sonnet-3-5
GlobalWarming-6,persona_164,6,7,7,6,5,6,6,sonnet-3-5
GlobalWarming-6,persona_165,6,6,7,5,5,6,5,sonnet-3-5
GlobalWarming-6,persona_166,5,6,7,5,5,5,5,sonnet-3-5
GlobalWarming-6,persona_167,6,7,7,6,5,6,6,sonnet-3-5
GlobalWarming-7,persona_162,6,6,7,6,6,6,6,sonnet-3-5
GlobalWarming-7,persona_163,6,7,7,6,7,6,6,sonnet-3-5
GlobalWarming-7,persona_164,7,7,7,7,6,7,6,sonnet-3-5
GlobalWarming-7,persona_165,6,6,7,6,6,6,6,sonnet-3-5
GlobalWarming-7,persona_166,6,6,7,6,6,6,6,sonnet-3-5
GlobalWarming-7,persona_167,7,7,7,7,7,7,7,sonnet-3-5
GlobalWarming-8,persona_162,6,7,7,6,6,6,6,sonnet-3-5
GlobalWarming-8,persona_163,7,7,7,6,7,7,6,sonnet-3-5
GlobalWarming-8,persona_164,7,7,7,7,6,7,7,sonnet-3-5
GlobalWarming-8,persona_165,6,7,7,6,6,6,6,sonnet-3-5
GlobalWarming-8,persona_166,6,7,7,6,6,6,6,sonnet-3-5
GlobalWarming-8,persona_167,7,7,7,7,7,7,7,sonnet-3-5
GlobalWarming-9,persona_162,6,7,6,6,5,5,5,sonnet-3-5
GlobalWarming-9,persona_163,6,7,6,6,6,6,5,sonnet-3-5
GlobalWarming-9,persona_164,7,7,6,7,5,6,6,sonnet-3-5
GlobalWarming-9,persona_165,6,7,6,6,5,5,5,sonnet-3-5
GlobalWarming-9,persona_166,6,7,6,6,5,5,5,sonnet-3-5
GlobalWarming-9,persona_167,7,7,6,7,6,6,6,sonnet-3-5
GlobalWarming-5,persona_168,6,7,6,5,6,6,5,sonnet-3-5
GlobalWarming-5,persona_169,5,6,6,4,5,5,4,sonnet-3-5
GlobalWarming-5,persona_170,4,5,5,3,6,4,4,sonnet-3-5
GlobalWarming-5,persona_171,5,6,6,5,5,5,5,sonnet-3-5
GlobalWarming-5,persona_172,4,5,5,4,5,4,4,sonnet-3-5
GlobalWarming-5,persona_173,5,6,6,5,5,5,5,sonnet-3-5
GlobalWarming-6,persona_168,7,7,7,6,5,6,6,sonnet-3-5
GlobalWarming-6,persona_169,6,7,7,5,4,6,5,sonnet-3-5
GlobalWarming-6,persona_170,5,6,6,4,4,5,4,sonnet-3-5
GlobalWarming-6,persona_171,6,7,7,6,5,6,6,sonnet-3-5
GlobalWarming-6,persona_172,5,6,6,5,4,5,5,sonnet-3-5
GlobalWarming-6,persona_173,6,7,7,6,5,6,6,sonnet-3-5
GlobalWarming-7,persona_168,7,7,7,6,6,7,6,sonnet-3-5
GlobalWarming-7,persona_169,6,7,7,5,6,6,5,sonnet-3-5
GlobalWarming-7,persona_170,5,6,6,4,7,5,4,sonnet-3-5
GlobalWarming-7,persona_171,6,7,7,6,6,6,6,sonnet-3-5
GlobalWarming-7,persona_172,5,6,6,5,6,5,5,sonnet-3-5
GlobalWarming-7,persona_173,6,7,7,6,6,6,6,sonnet-3-5
GlobalWarming-8,persona_168,7,7,7,6,6,7,6,sonnet-3-5
GlobalWarming-8,persona_169,6,7,7,5,5,6,5,sonnet-3-5
GlobalWarming-8,persona_170,5,6,6,4,6,5,4,sonnet-3-5
GlobalWarming-8,persona_171,6,7,7,6,6,6,6,sonnet-3-5
GlobalWarming-8,persona_172,5,6,6,5,5,5,5,sonnet-3-5
GlobalWarming-8,persona_173,6,7,7,6,6,6,6,sonnet-3-5
GlobalWarming-9,persona_168,7,7,7,6,6,7,6,sonnet-3-5
GlobalWarming-9,persona_169,6,7,6,5,6,6,5,sonnet-3-5
GlobalWarming-9,persona_170,5,6,6,4,7,5,4,sonnet-3-5
GlobalWarming-9,persona_171,6,7,7,6,6,6,6,sonnet-3-5
GlobalWarming-9,persona_172,5,6,6,5,6,5,5,sonnet-3-5
GlobalWarming-9,persona_173,6,7,6,6,6,6,6,sonnet-3-5
GlobalWarming-10,persona_168,7,7,7,6,6,7,6,sonnet-3-5
GlobalWarming-10,persona_169,6,7,7,5,5,6,5,sonnet-3-5
GlobalWarming-10,persona_170,5,6,6,4,6,5,4,sonnet-3-5
GlobalWarming-10,persona_171,6,7,7,6,5,6,6,sonnet-3-5
GlobalWarming-10,persona_172,5,6,6,5,5,5,5,sonnet-3-5
GlobalWarming-10,persona_173,6,7,7,6,5,6,6,sonnet-3-5
GlobalWarming-6,persona_174,6,7,7,5,5,6,5,sonnet-3-5
GlobalWarming-6,persona_175,7,7,7,6,6,7,6,sonnet-3-5
GlobalWarming-6,persona_176,5,6,6,5,5,5,4,sonnet-3-5
GlobalWarming-6,persona_177,6,6,7,4,5,6,5,sonnet-3-5
GlobalWarming-6,persona_178,5,6,6,6,4,5,4,sonnet-3-5
GlobalWarming-6,persona_179,6,7,6,7,5,6,5,sonnet-3-5
GlobalWarming-7,persona_174,7,6,7,5,6,7,6,sonnet-3-5
GlobalWarming-7,persona_175,7,7,7,6,7,7,6,sonnet-3-5
GlobalWarming-7,persona_176,6,6,7,5,6,6,5,sonnet-3-5
GlobalWarming-7,persona_177,7,6,7,4,6,7,5,sonnet-3-5
GlobalWarming-7,persona_178,6,6,7,5,6,6,5,sonnet-3-5
GlobalWarming-7,persona_179,6,7,7,6,6,6,5,sonnet-3-5
GlobalWarming-8,persona_174,7,7,7,6,6,7,5,sonnet-3-5
GlobalWarming-8,persona_175,7,7,7,6,6,7,6,sonnet-3-5
GlobalWarming-8,persona_176,6,7,7,5,5,6,4,sonnet-3-5
GlobalWarming-8,persona_177,7,6,7,5,5,6,5,sonnet-3-5
GlobalWarming-8,persona_178,6,6,7,6,5,6,4,sonnet-3-5
GlobalWarming-8,persona_179,7,7,7,7,6,7,5,sonnet-3-5
GlobalWarming-9,persona_174,7,7,7,6,6,7,5,sonnet-3-5
GlobalWarming-9,persona_175,7,7,7,7,6,7,6,sonnet-3-5
GlobalWarming-9,persona_176,6,7,7,6,5,6,4,sonnet-3-5
GlobalWarming-9,persona_177,7,6,7,5,6,7,5,sonnet-3-5
GlobalWarming-9,persona_178,6,7,7,7,6,6,5,sonnet-3-5
GlobalWarming-9,persona_179,7,7,7,7,6,7,6,sonnet-3-5
GlobalWarming-10,persona_174,6,7,7,6,6,6,5,sonnet-3-5
GlobalWarming-10,persona_175,7,7,7,6,6,7,6,sonnet-3-5
GlobalWarming-10,persona_176,6,7,7,6,5,6,4,sonnet-3-5
GlobalWarming-10,persona_177,6,6,7,5,5,6,5,sonnet-3-5
GlobalWarming-10,persona_178,6,7,7,7,6,6,5,sonnet-3-5
GlobalWarming-10,persona_179,7,7,7,7,6,7,6,sonnet-3-5
GlobalWarming-11,persona_174,7,7,7,6,6,7,5,sonnet-3-5
GlobalWarming-11,persona_175,7,7,7,7,6,7,6,sonnet-3-5
GlobalWarming-11,persona_176,6,7,7,6,5,6,4,sonnet-3-5
GlobalWarming-11,persona_177,7,6,7,5,6,7,5,sonnet-3-5
GlobalWarming-11,persona_178,6,7,7,7,6,6,5,sonnet-3-5
GlobalWarming-11,persona_179,7,7,7,7,6,7,6,sonnet-3-5
GlobalWarming-7,persona_180,6,5,6,4,5,6,4,sonnet-3-5
GlobalWarming-7,persona_181,7,7,7,5,6,7,5,sonnet-3-5
GlobalWarming-7,persona_182,6,6,7,5,7,6,5,sonnet-3-5
GlobalWarming-7,persona_183,7,6,7,5,6,7,5,sonnet-3-5
GlobalWarming-7,persona_184,6,6,7,5,7,6,5,sonnet-3-5
GlobalWarming-7,persona_185,7,7,6,5,6,7,5,sonnet-3-5
GlobalWarming-8,persona_180,5,6,6,4,5,5,4,sonnet-3-5
GlobalWarming-8,persona_181,6,7,7,5,6,6,5,sonnet-3-5
GlobalWarming-8,persona_182,5,6,7,5,6,5,4,sonnet-3-5
GlobalWarming-8,persona_183,6,7,7,5,5,6,5,sonnet-3-5
GlobalWarming-8,persona_184,5,6,6,4,6,5,4,sonnet-3-5
GlobalWarming-8,persona_185,6,7,6,5,5,6,5,sonnet-3-5
GlobalWarming-9,persona_180,6,7,6,5,6,6,5,sonnet-3-5
GlobalWarming-9,persona_181,7,7,6,6,6,7,6,sonnet-3-5
GlobalWarming-9,persona_182,6,7,6,6,7,6,5,sonnet-3-5
GlobalWarming-9,persona_183,7,7,6,5,6,7,6,sonnet-3-5
GlobalWarming-9,persona_184,6,7,6,6,7,6,5,sonnet-3-5
GlobalWarming-9,persona_185,7,7,6,5,6,7,6,sonnet-3-5
GlobalWarming-10,persona_180,5,6,6,5,5,5,4,sonnet-3-5
GlobalWarming-10,persona_181,6,7,7,6,6,6,5,sonnet-3-5
GlobalWarming-10,persona_182,5,6,6,5,6,5,4,sonnet-3-5
GlobalWarming-10,persona_183,6,7,7,5,5,6,5,sonnet-3-5
GlobalWarming-10,persona_184,5,6,6,5,6,5,4,sonnet-3-5
GlobalWarming-10,persona_185,6,7,6,5,5,6,5,sonnet-3-5
GlobalWarming-11,persona_180,6,7,6,5,6,6,5,sonnet-3-5
GlobalWarming-11,persona_181,7,7,7,6,6,7,6,sonnet-3-5
GlobalWarming-11,persona_182,6,7,6,6,7,6,5,sonnet-3-5
GlobalWarming-11,persona_183,7,7,7,5,6,7,6,sonnet-3-5
GlobalWarming-11,persona_184,6,7,6,6,7,6,5,sonnet-3-5
GlobalWarming-11,persona_185,7,7,6,5,6,7,6,sonnet-3-5
GlobalWarming-12,persona_180,6,7,7,5,6,6,5,sonnet-3-5
GlobalWarming-12,persona_181,7,7,7,6,6,7,6,sonnet-3-5
GlobalWarming-12,persona_182,6,7,7,6,7,6,5,sonnet-3-5
GlobalWarming-12,persona_183,7,7,7,5,6,7,6,sonnet-3-5
GlobalWarming-12,persona_184,6,7,7,6,7,6,5,sonnet-3-5
GlobalWarming-12,persona_185,7,7,7,5,6,7,6,sonnet-3-5
GlobalWarming-8,persona_186,6,7,6,5,5,6,5,sonnet-3-5
GlobalWarming-8,persona_187,5,6,6,4,6,5,5,sonnet-3-5
GlobalWarming-8,persona_188,5,6,6,6,5,5,4,sonnet-3-5
GlobalWarming-8,persona_189,6,7,7,6,5,6,5,sonnet-3-5
GlobalWarming-8,persona_190,6,6,6,5,5,6,5,sonnet-3-5
GlobalWarming-8,persona_191,5,6,6,5,5,5,4,sonnet-3-5
GlobalWarming-9,persona_186,6,7,6,6,6,6,5,sonnet-3-5
GlobalWarming-9,persona_187,5,6,6,5,6,5,4,sonnet-3-5
GlobalWarming-9,persona_188,6,7,6,6,6,6,5,sonnet-3-5
GlobalWarming-9,persona_189,7,7,7,6,6,7,6,sonnet-3-5
GlobalWarming-9,persona_190,6,7,6,5,6,6,5,sonnet-3-5
GlobalWarming-9,persona_191,5,6,6,6,6,5,5,sonnet-3-5
GlobalWarming-10,persona_186,6,6,7,5,6,6,5,sonnet-3-5
GlobalWarming-10,persona_187,5,5,6,4,6,5,4,sonnet-3-5
GlobalWarming-10,persona_188,6,6,7,6,6,6,5,sonnet-3-5
GlobalWarming-10,persona_189,6,6,7,5,6,6,5,sonnet-3-5
GlobalWarming-10,persona_190,5,6,7,5,6,6,5,sonnet-3-5
GlobalWarming-10,persona_191,5,5,6,5,6,5,4,sonnet-3-5
GlobalWarming-11,persona_186,7,7,7,6,6,7,6,sonnet-3-5
GlobalWarming-11,persona_187,6,7,7,5,7,6,5,sonnet-3-5
GlobalWarming-11,persona_188,7,7,7,6,6,7,6,sonnet-3-5
GlobalWarming-11,persona_189,7,7,7,6,6,7,6,sonnet-3-5
GlobalWarming-11,persona_190,6,7,7,5,6,6,5,sonnet-3-5
GlobalWarming-11,persona_191,6,6,7,6,6,6,5,sonnet-3-5
GlobalWarming-12,persona_186,7,7,7,6,6,7,6,sonnet-3-5
GlobalWarming-12,persona_187,6,7,7,5,7,6,5,sonnet-3-5
GlobalWarming-12,persona_188,7,7,7,7,6,7,6,sonnet-3-5
GlobalWarming-12,persona_189,7,7,7,6,6,7,6,sonnet-3-5
GlobalWarming-12,persona_190,6,7,7,6,6,7,6,sonnet-3-5
GlobalWarming-12,persona_191,6,7,7,6,6,6,5,sonnet-3-5
GlobalWarming-1,persona_186,6,7,7,5,5,6,5,sonnet-3-5
GlobalWarming-1,persona_187,5,6,6,4,5,5,4,sonnet-3-5
GlobalWarming-1,persona_188,6,6,7,6,5,6,5,sonnet-3-5
GlobalWarming-1,persona_189,7,7,7,6,5,7,6,sonnet-3-5
GlobalWarming-1,persona_190,6,6,7,5,5,6,5,sonnet-3-5
GlobalWarming-1,persona_191,5,6,6,5,5,5,4,sonnet-3-5
GlobalWarming-9,persona_192,6,7,6,5,6,6,5,sonnet-3-5
GlobalWarming-9,persona_193,7,7,7,6,5,6,6,sonnet-3-5
GlobalWarming-9,persona_194,5,6,6,5,7,5,5,sonnet-3-5
GlobalWarming-9,persona_195,6,7,6,7,6,6,5,sonnet-3-5
GlobalWarming-9,persona_196,6,7,6,5,7,6,6,sonnet-3-5
GlobalWarming-9,persona_197,5,6,5,6,6,5,5,sonnet-3-5
GlobalWarming-10,persona_192,6,6,7,6,5,7,5,sonnet-3-5
GlobalWarming-10,persona_193,7,7,7,6,6,7,6,sonnet-3-5
GlobalWarming-10,persona_194,5,6,7,5,6,6,5,sonnet-3-5
GlobalWarming-10,persona_195,6,7,7,7,5,7,6,sonnet-3-5
GlobalWarming-10,persona_196,6,6,7,5,5,6,5,sonnet-3-5
GlobalWarming-10,persona_197,5,6,6,5,5,6,5,sonnet-3-5
GlobalWarming-11,persona_192,7,7,6,6,7,7,6,sonnet-3-5
GlobalWarming-11,persona_193,7,7,7,6,6,7,6,sonnet-3-5
GlobalWarming-11,persona_194,6,6,6,5,7,6,5,sonnet-3-5
GlobalWarming-11,persona_195,7,7,6,7,6,7,6,sonnet-3-5
GlobalWarming-11,persona_196,7,7,6,6,7,7,6,sonnet-3-5
GlobalWarming-11,persona_197,6,7,5,6,7,6,5,sonnet-3-5
GlobalWarming-12,persona_192,7,7,7,6,6,7,6,sonnet-3-5
GlobalWarming-12,persona_193,7,7,7,6,6,7,6,sonnet-3-5
GlobalWarming-12,persona_194,6,6,7,5,5,6,5,sonnet-3-5
GlobalWarming-12,persona_195,7,7,7,7,5,7,6,sonnet-3-5
GlobalWarming-12,persona_196,7,7,7,6,6,7,6,sonnet-3-5
GlobalWarming-12,persona_197,6,6,6,5,5,6,5,sonnet-3-5
GlobalWarming-1,persona_192,6,7,6,5,7,6,5,sonnet-3-5
GlobalWarming-1,persona_193,7,7,7,6,6,7,6,sonnet-3-5
GlobalWarming-1,persona_194,5,6,6,5,7,5,5,sonnet-3-5
GlobalWarming-1,persona_195,6,7,6,7,6,6,5,sonnet-3-5
GlobalWarming-1,persona_196,6,7,6,5,7,6,6,sonnet-3-5
GlobalWarming-1,persona_197,5,6,5,5,6,5,5,sonnet-3-5
GlobalWarming-2,persona_192,6,6,6,5,5,6,5,sonnet-3-5
GlobalWarming-2,persona_193,7,7,7,6,5,7,6,sonnet-3-5
GlobalWarming-2,persona_194,5,5,6,4,4,5,4,sonnet-3-5
GlobalWarming-2,persona_195,6,6,6,6,4,6,5,sonnet-3-5
GlobalWarming-2,persona_196,6,6,6,5,5,6,5,sonnet-3-5
GlobalWarming-2,persona_197,5,5,5,4,4,5,4,sonnet-3-5
GlobalWarming-10,persona_198,6,7,6,5,5,6,5,sonnet-3-5
GlobalWarming-10,persona_199,5,6,6,4,5,5,4,sonnet-3-5
GlobalWarming-10,persona_200,4,5,5,6,6,4,5,sonnet-3-5
GlobalWarming-10,persona_201,5,6,5,7,7,5,6,sonnet-3-5
GlobalWarming-10,persona_202,6,6,7,5,6,6,5,sonnet-3-5
GlobalWarming-10,persona_203,5,7,6,6,5,5,6,sonnet-3-5
GlobalWarming-11,persona_198,7,7,6,5,6,7,5,sonnet-3-5
GlobalWarming-11,persona_199,6,6,7,4,5,6,5,sonnet-3-5
GlobalWarming-11,persona_200,5,6,6,5,7,5,6,sonnet-3-5
GlobalWarming-11,persona_201,6,7,5,6,6,6,5,sonnet-3-5
GlobalWarming-11,persona_202,7,7,7,5,6,7,6,sonnet-3-5
GlobalWarming-11,persona_203,6,7,6,5,5,6,5,sonnet-3-5
GlobalWarming-12,persona_198,7,7,7,6,6,7,6,sonnet-3-5
GlobalWarming-12,persona_199,6,7,7,5,6,6,5,sonnet-3-5
GlobalWarming-12,persona_200,5,6,6,6,7,5,6,sonnet-3-5
GlobalWarming-12,persona_201,7,7,6,7,7,6,6,sonnet-3-5
GlobalWarming-12,persona_202,7,7,7,6,6,7,6,sonnet-3-5
GlobalWarming-12,persona_203,6,7,7,6,6,6,6,sonnet-3-5
GlobalWarming-1,persona_198,6,7,6,5,5,6,5,sonnet-3-5
GlobalWarming-1,persona_199,5,6,6,4,4,5,4,sonnet-3-5
GlobalWarming-1,persona_200,4,5,5,5,6,4,5,sonnet-3-5
GlobalWarming-1,persona_201,5,6,5,6,6,5,5,sonnet-3-5
GlobalWarming-1,persona_202,6,6,7,5,5,6,5,sonnet-3-5
GlobalWarming-1,persona_203,5,6,6,5,4,5,5,sonnet-3-5
GlobalWarming-2,persona_198,7,7,7,6,6,7,6,sonnet-3-5
GlobalWarming-2,persona_199,6,7,7,5,5,6,5,sonnet-3-5
GlobalWarming-2,persona_200,5,6,6,6,7,5,6,sonnet-3-5
GlobalWarming-2,persona_201,6,7,6,7,7,6,6,sonnet-3-5
GlobalWarming-2,persona_202,7,7,7,6,6,7,6,sonnet-3-5
GlobalWarming-2,persona_203,6,7,7,6,5,6,6,sonnet-3-5
GlobalWarming-3,persona_198,6,7,7,5,5,6,5,sonnet-3-5
GlobalWarming-3,persona_199,5,6,7,4,4,5,4,sonnet-3-5
GlobalWarming-3,persona_200,4,5,6,5,6,4,5,sonnet-3-5
GlobalWarming-3,persona_201,5,6,6,6,6,5,5,sonnet-3-5
GlobalWarming-3,persona_202,6,6,7,5,5,6,5,sonnet-3-5
GlobalWarming-3,persona_203,5,6,7,5,4,5,5,sonnet-3-5
GlobalWarming-11,persona_204,6,7,6,5,5,6,5,sonnet-3-5
GlobalWarming-11,persona_205,5,6,5,4,5,5,4,sonnet-3-5
GlobalWarming-11,persona_206,6,7,6,6,6,6,5,sonnet-3-5
GlobalWarming-11,persona_207,6,6,7,5,5,6,6,sonnet-3-5
GlobalWarming-11,persona_208,6,7,6,6,5,6,5,sonnet-3-5
GlobalWarming-11,persona_209,7,7,7,6,6,7,6,sonnet-3-5
GlobalWarming-12,persona_204,7,7,7,6,6,7,6,sonnet-3-5
GlobalWarming-12,persona_205,5,6,6,4,5,5,4,sonnet-3-5
GlobalWarming-12,persona_206,6,7,7,6,7,6,6,sonnet-3-5
GlobalWarming-12,persona_207,7,7,7,5,6,7,6,sonnet-3-5
GlobalWarming-12,persona_208,7,7,7,6,6,7,6,sonnet-3-5
GlobalWarming-12,persona_209,7,7,7,6,6,7,7,sonnet-3-5
GlobalWarming-1,persona_204,6,7,7,6,5,6,5,sonnet-3-5
GlobalWarming-1,persona_205,5,6,6,4,4,5,4,sonnet-3-5
GlobalWarming-1,persona_206,6,7,7,6,5,6,5,sonnet-3-5
GlobalWarming-1,persona_207,7,7,7,5,5,7,6,sonnet-3-5
GlobalWarming-1,persona_208,6,7,7,6,5,6,5,sonnet-3-5
GlobalWarming-1,persona_209,7,7,7,6,5,7,6,sonnet-3-5
GlobalWarming-2,persona_204,6,7,7,6,6,6,5,sonnet-3-5
GlobalWarming-2,persona_205,5,6,6,4,5,5,4,sonnet-3-5
GlobalWarming-2,persona_206,7,7,7,6,7,6,6,sonnet-3-5
GlobalWarming-2,persona_207,7,7,7,5,6,7,6,sonnet-3-5
GlobalWarming-2,persona_208,6,7,7,6,6,6,5,sonnet-3-5
GlobalWarming-2,persona_209,7,7,7,6,6,7,6,sonnet-3-5
GlobalWarming-3,persona_204,6,7,7,5,5,6,5,sonnet-3-5
GlobalWarming-3,persona_205,5,6,6,4,4,5,4,sonnet-3-5
GlobalWarming-3,persona_206,6,7,7,6,6,6,5,sonnet-3-5
GlobalWarming-3,persona_207,7,7,7,5,5,7,6,sonnet-3-5
GlobalWarming-3,persona_208,6,7,7,5,5,6,5,sonnet-3-5
GlobalWarming-3,persona_209,7,7,7,6,5,7,6,sonnet-3-5
GlobalWarming-4,persona_204,5,6,6,5,5,5,5,sonnet-3-5
GlobalWarming-4,persona_205,4,5,5,3,4,4,4,sonnet-3-5
GlobalWarming-4,persona_206,5,6,6,5,5,5,5,sonnet-3-5
GlobalWarming-4,persona_207,6,6,6,4,5,6,5,sonnet-3-5
GlobalWarming-4,persona_208,5,6,6,5,5,5,5,sonnet-3-5
GlobalWarming-4,persona_209,6,6,6,5,5,6,5,sonnet-3-5
GlobalWarming-12,persona_210,6,7,6,5,6,6,5,sonnet-3-5
GlobalWarming-12,persona_211,5,6,6,4,7,5,4,sonnet-3-5
GlobalWarming-12,persona_212,6,7,6,6,5,6,5,sonnet-3-5
GlobalWarming-12,persona_213,6,7,7,5,6,6,5,sonnet-3-5
GlobalWarming-12,persona_214,7,7,7,6,6,7,6,sonnet-3-5
GlobalWarming-12,persona_215,6,7,6,5,7,6,5,sonnet-3-5
GlobalWarming-1,persona_210,7,7,7,6,5,6,5,sonnet-3-5
GlobalWarming-1,persona_211,6,6,7,5,6,5,4,sonnet-3-5
GlobalWarming-1,persona_212,6,7,7,6,5,6,5,sonnet-3-5
GlobalWarming-1,persona_213,7,7,7,6,5,7,6,sonnet-3-5
GlobalWarming-1,persona_214,7,7,7,6,6,7,6,sonnet-3-5
GlobalWarming-1,persona_215,6,7,7,5,6,6,5,sonnet-3-5
GlobalWarming-2,persona_210,6,7,6,5,5,5,4,sonnet-3-5
GlobalWarming-2,persona_211,5,6,6,4,6,4,4,sonnet-3-5
GlobalWarming-2,persona_212,5,6,6,5,4,5,4,sonnet-3-5
GlobalWarming-2,persona_213,6,7,7,5,5,6,5,sonnet-3-5
GlobalWarming-2,persona_214,7,7,7,6,6,7,6,sonnet-3-5
GlobalWarming-2,persona_215,6,6,6,5,5,5,4,sonnet-3-5
GlobalWarming-3,persona_210,5,6,6,4,5,5,4,sonnet-3-5
GlobalWarming-3,persona_211,4,5,6,3,6,4,3,sonnet-3-5
GlobalWarming-3,persona_212,5,6,6,5,4,5,4,sonnet-3-5
GlobalWarming-3,persona_213,6,6,7,4,5,5,4,sonnet-3-5
GlobalWarming-3,persona_214,6,7,7,5,6,6,5,sonnet-3-5
GlobalWarming-3,persona_215,5,6,6,4,5,5,4,sonnet-3-5
GlobalWarming-4,persona_210,6,7,7,5,5,6,5,sonnet-3-5
GlobalWarming-4,persona_211,5,6,7,4,6,5,4,sonnet-3-5
GlobalWarming-4,persona_212,6,7,7,6,5,6,5,sonnet-3-5
GlobalWarming-4,persona_213,7,7,7,5,6,6,5,sonnet-3-5
GlobalWarming-4,persona_214,7,7,7,6,6,7,6,sonnet-3-5
GlobalWarming-4,persona_215,6,7,7,5,6,6,5,sonnet-3-5
GlobalWarming-5,persona_210,6,6,7,5,5,6,5,sonnet-3-5
GlobalWarming-5,persona_211,5,5,7,4,6,5,4,sonnet-3-5
GlobalWarming-5,persona_212,5,6,7,5,4,5,4,sonnet-3-5
GlobalWarming-5,persona_213,6,6,7,5,5,6,5,sonnet-3-5
GlobalWarming-5,persona_214,7,7,7,6,5,7,6,sonnet-3-5
GlobalWarming-5,persona_215,6,6,7,5,5,6,5,sonnet-3-5
