index,chart_name,person_id,mem,int,tru,emp,aes,itt,cft,model
0,COVID-1,persona_0,2,5,3,2,6,4,5,llama_32_11B
1,COVID-2,persona_0,1,6,4,3,2,5,6,llama_32_11B
2,COVID-3,persona_0,4,6,5,4,6,7,6,llama_32_11B
3,COVID-4,persona_0,6,5,4,3,7,6,5,llama_32_11B
4,COVID-5,persona_0,4,6,5,3,6,5,4,llama_32_11B
5,COVID-6,persona_0,4,5,3,2,6,7,5,llama_32_11B
6,COVID-2,persona_1,1,6,4,2,3,5,6,llama_32_11B
7,COVID-3,persona_1,3,4,4,3,4,4,4,llama_32_11B
8,COVID-4,persona_1,4,3,4,3,4,4,4,llama_32_11B
9,COVID-5,persona_1,3,5,4,3,6,5,4,llama_32_11B
10,COVID-6,persona_1,3,4,3,2,4,3,4,llama_32_11B
11,COVID-7,persona_1,2,5,4,3,6,4,5,llama_32_11B
12,COVID-3,persona_2,4,5,4,4,4,4,5,llama_32_11B
13,COVID-4,persona_2,4,3,4,3,4,3,4,llama_32_11B
14,COVID-5,persona_2,4,6,4,3,5,4,5,llama_32_11B
15,COVID-6,persona_2,3,4,3,2,4,3,4,llama_32_11B
16,COVID-7,persona_2,3,6,4,3,5,4,5,llama_32_11B
17,COVID-8,persona_2,4,6,4,4,4,4,4,llama_32_11B
18,COVID-4,persona_3,4,5,4,3,6,5,5,llama_32_11B
19,COVID-5,persona_3,4,6,5,4,6,5,6,llama_32_11B
20,COVID-6,persona_3,7,6,4,3,5,6,5,llama_32_11B
21,COVID-7,persona_3,4,6,5,3,6,5,6,llama_32_11B
22,COVID-8,persona_3,4,6,4,4,5,6,5,llama_32_11B
23,COVID-9,persona_3,4,6,4,3,5,6,5,llama_32_11B
24,COVID-5,persona_4,2,3,4,2,5,4,4,llama_32_11B
25,COVID-6,persona_4,7,4,3,2,5,6,4,llama_32_11B
26,COVID-7,persona_4,4,5,4,3,4,5,5,llama_32_11B
27,COVID-8,persona_4,4,5,4,4,5,5,5,llama_32_11B
28,COVID-9,persona_4,4,5,4,3,4,5,5,llama_32_11B
29,COVID-10,persona_4,3,4,4,3,2,4,4,llama_32_11B
30,COVID-6,persona_5,7,6,4,3,5,6,5,llama_32_11B
31,COVID-7,persona_5,3,6,4,3,5,4,5,llama_32_11B
32,COVID-8,persona_5,4,6,4,4,6,6,6,llama_32_11B
33,COVID-9,persona_5,3,6,4,3,5,6,5,llama_32_11B
34,COVID-10,persona_5,3,6,4,3,6,5,6,llama_32_11B
35,COVID-11,persona_5,4,6,4,3,5,6,5,llama_32_11B
36,COVID-7,persona_6,4,5,4,3,6,5,5,llama_32_11B
37,COVID-8,persona_6,4,6,4,4,6,6,6,llama_32_11B
38,COVID-9,persona_6,1,6,4,2,6,5,6,llama_32_11B
39,COVID-10,persona_6,3,4,4,3,6,5,4,llama_32_11B
40,COVID-11,persona_6,4,6,5,4,6,5,6,llama_32_11B
41,COVID-12,persona_6,4,5,4,3,5,4,4,llama_32_11B
42,COVID-8,persona_7,4,6,4,4,6,6,6,llama_32_11B
43,COVID-9,persona_7,4,6,4,3,5,6,5,llama_32_11B
44,COVID-10,persona_7,3,6,4,3,6,5,6,llama_32_11B
45,COVID-11,persona_7,4,6,5,4,5,6,5,llama_32_11B
46,COVID-12,persona_7,4,6,5,4,3,5,6,llama_32_11B
47,COVID-1,persona_7,1,3,4,4,2,6,5,llama_32_11B
48,COVID-9,persona_8,1,6,4,2,5,3,6,llama_32_11B
49,COVID-10,persona_8,3,4,4,3,6,5,4,llama_32_11B
50,COVID-11,persona_8,4,5,4,3,5,5,5,llama_32_11B
51,COVID-12,persona_8,3,4,4,3,4,4,4,llama_32_11B
52,COVID-1,persona_8,1,2,3,4,5,6,7,llama_32_11B
53,COVID-2,persona_8,1,6,4,3,2,5,6,llama_32_11B
54,COVID-10,persona_9,3,6,4,3,6,5,6,llama_32_11B
55,COVID-11,persona_9,4,6,5,4,6,5,6,llama_32_11B
56,COVID-12,persona_9,4,6,4,3,5,4,5,llama_32_11B
57,COVID-1,persona_9,1,2,3,4,5,6,7,llama_32_11B
58,COVID-2,persona_9,1,6,4,3,2,5,6,llama_32_11B
59,COVID-3,persona_9,4,6,4,4,5,6,6,llama_32_11B
60,COVID-11,persona_10,4,5,4,3,5,5,4,llama_32_11B
61,COVID-12,persona_10,4,5,4,3,4,5,4,llama_32_11B
62,COVID-1,persona_10,1,2,3,4,5,6,7,llama_32_11B
63,COVID-2,persona_10,1,6,4,3,2,5,6,llama_32_11B
64,COVID-3,persona_10,4,6,4,4,6,6,6,llama_32_11B
65,COVID-4,persona_10,4,6,5,3,6,5,6,llama_32_11B
66,COVID-12,persona_11,4,5,4,3,4,5,4,llama_32_11B
67,COVID-1,persona_11,1,3,2,4,6,5,7,llama_32_11B
68,COVID-2,persona_11,3,5,4,2,6,7,5,llama_32_11B
69,COVID-3,persona_11,4,5,6,4,6,5,6,llama_32_11B
70,COVID-4,persona_11,4,6,5,3,6,5,6,llama_32_11B
71,COVID-5,persona_11,4,6,5,3,6,5,6,llama_32_11B
72,COVID-1,persona_12,1,2,3,4,5,6,7,llama_32_11B
73,COVID-2,persona_12,1,6,4,2,3,5,6,llama_32_11B
74,COVID-3,persona_12,4,6,4,4,5,6,6,llama_32_11B
75,COVID-4,persona_12,3,5,4,3,6,5,4,llama_32_11B
76,COVID-5,persona_12,1,6,4,2,7,5,3,llama_32_11B
77,COVID-6,persona_12,7,6,4,3,5,6,5,llama_32_11B
78,COVID-2,persona_13,1,6,4,2,3,5,6,llama_32_11B
79,COVID-3,persona_13,4,6,4,4,6,6,6,llama_32_11B
80,COVID-4,persona_13,4,6,4,4,6,5,6,llama_32_11B
81,COVID-5,persona_13,4,6,4,3,5,6,5,llama_32_11B
82,COVID-6,persona_13,7,6,4,3,5,6,5,llama_32_11B
83,COVID-7,persona_13,4,6,4,3,5,4,5,llama_32_11B
84,COVID-3,persona_14,4,6,5,4,5,6,5,llama_32_11B
85,COVID-4,persona_14,4,5,4,3,6,5,5,llama_32_11B
86,COVID-5,persona_14,1,4,4,1,6,4,4,llama_32_11B
87,COVID-6,persona_14,4,5,4,3,5,6,5,llama_32_11B
88,COVID-7,persona_14,4,6,5,4,6,5,6,llama_32_11B
89,COVID-8,persona_14,4,6,4,4,6,6,6,llama_32_11B
90,COVID-4,persona_15,4,6,5,3,6,5,6,llama_32_11B
91,COVID-5,persona_15,4,6,5,3,7,6,5,llama_32_11B
92,COVID-6,persona_15,7,5,4,3,6,5,4,llama_32_11B
93,COVID-7,persona_15,4,6,5,3,5,4,6,llama_32_11B
94,COVID-8,persona_15,4,6,4,4,6,6,6,llama_32_11B
95,COVID-9,persona_15,1,6,7,2,5,4,6,llama_32_11B
96,COVID-5,persona_16,3,6,4,3,5,6,5,llama_32_11B
97,COVID-6,persona_16,4,5,3,2,6,4,5,llama_32_11B
98,COVID-7,persona_16,4,6,4,3,5,4,5,llama_32_11B
99,COVID-8,persona_16,4,6,3,4,5,6,5,llama_32_11B
100,COVID-9,persona_16,1,6,4,2,5,3,4,llama_32_11B
101,COVID-10,persona_16,4,6,4,3,5,4,5,llama_32_11B
102,COVID-6,persona_17,4,5,4,3,5,6,5,llama_32_11B
103,COVID-7,persona_17,4,6,5,3,5,6,5,llama_32_11B
104,COVID-8,persona_17,4,6,5,3,5,6,5,llama_32_11B
105,COVID-9,persona_17,1,6,4,3,2,5,4,llama_32_11B
106,COVID-10,persona_17,3,6,4,3,6,5,6,llama_32_11B
107,COVID-11,persona_17,4,5,4,3,5,5,5,llama_32_11B
108,COVID-7,persona_18,3,6,4,3,5,6,5,llama_32_11B
109,COVID-8,persona_18,4,6,4,4,5,6,5,llama_32_11B
110,COVID-9,persona_18,3,6,4,3,5,6,5,llama_32_11B
111,COVID-10,persona_18,3,6,4,3,6,5,6,llama_32_11B
112,COVID-11,persona_18,4,6,5,4,6,5,6,llama_32_11B
113,COVID-12,persona_18,3,5,4,3,4,5,5,llama_32_11B
114,COVID-8,persona_19,4,6,4,4,6,6,6,llama_32_11B
115,COVID-9,persona_19,1,6,4,3,5,6,5,llama_32_11B
116,COVID-10,persona_19,3,6,4,3,6,5,6,llama_32_11B
117,COVID-11,persona_19,4,6,5,3,5,6,5,llama_32_11B
118,COVID-12,persona_19,4,6,5,4,5,6,5,llama_32_11B
119,COVID-1,persona_19,3,4,2,2,2,4,4,llama_32_11B
120,COVID-9,persona_20,4,6,4,3,5,6,5,llama_32_11B
121,COVID-10,persona_20,3,6,4,3,6,5,6,llama_32_11B
122,COVID-11,persona_20,4,5,4,3,5,5,4,llama_32_11B
123,COVID-12,persona_20,4,6,4,4,5,6,5,llama_32_11B
124,COVID-1,persona_20,1,3,4,4,6,5,6,llama_32_11B
125,COVID-2,persona_20,1,6,4,3,2,5,6,llama_32_11B
126,COVID-10,persona_21,4,6,5,4,6,5,6,llama_32_11B
127,COVID-11,persona_21,4,6,5,3,5,6,5,llama_32_11B
128,COVID-12,persona_21,4,6,4,3,5,4,5,llama_32_11B
129,COVID-1,persona_21,4,6,4,3,5,6,5,llama_32_11B
130,COVID-2,persona_21,1,6,4,3,2,5,6,llama_32_11B
131,COVID-3,persona_21,4,6,4,4,6,6,6,llama_32_11B
132,COVID-11,persona_22,4,6,5,4,5,6,5,llama_32_11B
133,COVID-12,persona_22,4,6,4,4,4,5,5,llama_32_11B
134,COVID-1,persona_22,1,2,3,4,5,6,7,llama_32_11B
135,COVID-2,persona_22,3,5,4,3,6,7,6,llama_32_11B
136,COVID-3,persona_22,4,6,5,4,6,5,6,llama_32_11B
137,COVID-4,persona_22,4,6,5,3,6,5,6,llama_32_11B
138,COVID-12,persona_23,3,5,4,3,4,5,4,llama_32_11B
139,COVID-1,persona_23,1,2,3,4,5,6,7,llama_32_11B
140,COVID-2,persona_23,1,6,4,3,2,5,6,llama_32_11B
141,COVID-3,persona_23,4,5,4,4,5,5,5,llama_32_11B
142,COVID-4,persona_23,3,5,4,3,6,5,4,llama_32_11B
143,COVID-5,persona_23,1,6,4,2,7,5,3,llama_32_11B
144,COVID-1,persona_24,1,3,4,2,6,5,4,llama_32_11B
145,COVID-2,persona_24,1,6,4,2,3,5,6,llama_32_11B
146,COVID-3,persona_24,4,6,5,4,6,6,6,llama_32_11B
147,COVID-4,persona_24,4,6,5,3,6,5,6,llama_32_11B
148,COVID-5,persona_24,1,6,4,1,6,7,6,llama_32_11B
149,COVID-6,persona_24,7,5,4,3,6,5,4,llama_32_11B
150,COVID-2,persona_25,1,6,4,3,2,5,6,llama_32_11B
151,COVID-3,persona_25,4,5,4,4,5,5,5,llama_32_11B
152,COVID-4,persona_25,4,5,4,3,5,5,5,llama_32_11B
153,COVID-5,persona_25,1,6,4,2,7,5,6,llama_32_11B
154,COVID-6,persona_25,7,6,4,3,5,6,5,llama_32_11B
155,COVID-7,persona_25,2,6,4,3,5,6,5,llama_32_11B
156,COVID-3,persona_26,4,6,4,4,6,6,6,llama_32_11B
157,COVID-4,persona_26,4,6,5,3,6,5,6,llama_32_11B
158,COVID-5,persona_26,1,6,4,2,7,5,3,llama_32_11B
159,COVID-6,persona_26,7,5,4,3,6,5,4,llama_32_11B
160,COVID-7,persona_26,2,6,4,3,5,4,6,llama_32_11B
161,COVID-8,persona_26,4,6,4,4,6,6,6,llama_32_11B
162,COVID-4,persona_27,4,5,4,3,5,6,5,llama_32_11B
163,COVID-5,persona_27,1,4,4,1,6,4,4,llama_32_11B
164,COVID-6,persona_27,7,5,4,3,6,5,4,llama_32_11B
165,COVID-7,persona_27,4,6,5,3,6,5,4,llama_32_11B
166,COVID-8,persona_27,4,6,4,4,6,6,6,llama_32_11B
167,COVID-9,persona_27,3,6,4,3,5,6,5,llama_32_11B
168,COVID-5,persona_28,1,6,4,2,7,5,3,llama_32_11B
169,COVID-6,persona_28,7,5,4,3,6,5,4,llama_32_11B
170,COVID-7,persona_28,4,6,5,3,6,5,4,llama_32_11B
171,COVID-8,persona_28,4,6,4,4,6,6,6,llama_32_11B
172,COVID-9,persona_28,4,6,4,3,5,4,5,llama_32_11B
173,COVID-10,persona_28,4,6,4,3,6,5,6,llama_32_11B
174,COVID-6,persona_29,7,5,4,3,6,5,4,llama_32_11B
175,COVID-7,persona_29,4,6,5,3,6,5,6,llama_32_11B
176,COVID-8,persona_29,4,6,4,4,6,6,6,llama_32_11B
177,COVID-9,persona_29,4,6,4,3,5,6,5,llama_32_11B
178,COVID-10,persona_29,3,6,4,3,6,5,6,llama_32_11B
179,COVID-11,persona_29,4,5,4,3,5,5,5,llama_32_11B
180,COVID-7,persona_30,4,6,4,3,5,6,5,llama_32_11B
181,COVID-8,persona_30,4,6,4,4,6,6,6,llama_32_11B
182,COVID-9,persona_30,1,6,4,2,5,4,3,llama_32_11B
183,COVID-10,persona_30,3,6,4,3,6,5,6,llama_32_11B
184,COVID-11,persona_30,4,6,5,3,5,6,5,llama_32_11B
185,COVID-12,persona_30,4,6,4,3,5,6,5,llama_32_11B
186,COVID-8,persona_31,4,6,4,4,5,6,5,llama_32_11B
187,COVID-9,persona_31,1,6,4,2,5,6,5,llama_32_11B
188,COVID-10,persona_31,3,6,4,3,6,5,6,llama_32_11B
189,COVID-11,persona_31,4,5,4,3,5,5,5,llama_32_11B
190,COVID-12,persona_31,4,6,4,3,5,4,5,llama_32_11B
191,COVID-1,persona_31,3,6,4,2,7,5,6,llama_32_11B
192,COVID-9,persona_32,1,6,4,2,5,6,5,llama_32_11B
193,COVID-10,persona_32,3,4,4,3,6,5,4,llama_32_11B
194,COVID-11,persona_32,4,5,4,3,5,5,5,llama_32_11B
195,COVID-12,persona_32,4,5,4,3,4,5,5,llama_32_11B
196,COVID-1,persona_32,1,3,4,4,6,5,6,llama_32_11B
197,COVID-2,persona_32,1,6,4,3,2,5,6,llama_32_11B
198,COVID-10,persona_33,4,6,4,4,6,6,6,llama_32_11B
199,COVID-11,persona_33,4,5,4,3,5,5,5,llama_32_11B
200,COVID-12,persona_33,4,5,4,3,5,6,5,llama_32_11B
201,COVID-1,persona_33,3,4,4,3,3,4,4,llama_32_11B
202,COVID-2,persona_33,1,6,4,2,3,5,6,llama_32_11B
203,COVID-3,persona_33,3,4,4,3,4,4,4,llama_32_11B
204,COVID-11,persona_34,4,6,5,3,5,6,5,llama_32_11B
205,COVID-12,persona_34,4,5,4,3,4,5,5,llama_32_11B
206,COVID-1,persona_34,1,3,2,1,1,4,3,llama_32_11B
207,COVID-2,persona_34,1,6,4,3,2,5,6,llama_32_11B
208,COVID-3,persona_34,4,5,4,4,5,5,5,llama_32_11B
209,COVID-4,persona_34,4,5,4,4,5,5,5,llama_32_11B
210,COVID-12,persona_35,4,6,4,3,5,6,5,llama_32_11B
211,COVID-1,persona_35,1,2,3,4,5,6,7,llama_32_11B
212,COVID-2,persona_35,4,6,5,3,6,7,6,llama_32_11B
213,COVID-3,persona_35,4,6,4,4,6,6,6,llama_32_11B
214,COVID-4,persona_35,4,6,4,3,5,5,5,llama_32_11B
215,COVID-5,persona_35,3,6,4,3,6,5,4,llama_32_11B
216,COVID-1,persona_36,2,5,3,2,6,4,5,llama_32_11B
217,COVID-2,persona_36,1,6,4,2,3,5,6,llama_32_11B
218,COVID-3,persona_36,3,6,4,3,6,6,6,llama_32_11B
219,COVID-4,persona_36,4,6,5,3,6,5,6,llama_32_11B
220,COVID-5,persona_36,1,6,4,1,7,6,5,llama_32_11B
221,COVID-6,persona_36,4,5,4,3,6,5,4,llama_32_11B
222,COVID-2,persona_37,1,6,4,2,5,7,6,llama_32_11B
223,COVID-3,persona_37,4,6,4,4,6,6,6,llama_32_11B
224,COVID-4,persona_37,4,6,4,3,6,5,6,llama_32_11B
225,COVID-5,persona_37,1,6,4,1,7,5,6,llama_32_11B
226,COVID-6,persona_37,4,5,3,2,6,4,5,llama_32_11B
227,COVID-7,persona_37,4,6,5,3,6,5,6,llama_32_11B
228,COVID-3,persona_38,4,6,4,4,4,6,6,llama_32_11B
229,COVID-4,persona_38,4,5,4,3,5,6,5,llama_32_11B
230,COVID-5,persona_38,3,6,4,2,5,4,5,llama_32_11B
231,COVID-6,persona_38,7,5,4,3,6,5,4,llama_32_11B
232,COVID-7,persona_38,4,6,5,3,5,6,5,llama_32_11B
233,COVID-8,persona_38,4,6,4,4,5,6,5,llama_32_11B
234,COVID-4,persona_39,4,5,4,3,6,5,5,llama_32_11B
235,COVID-5,persona_39,1,6,4,2,7,5,3,llama_32_11B
236,COVID-6,persona_39,7,5,4,3,6,5,4,llama_32_11B
237,COVID-7,persona_39,2,5,4,3,6,4,5,llama_32_11B
238,COVID-8,persona_39,4,6,4,4,6,6,6,llama_32_11B
239,COVID-9,persona_39,3,6,4,3,5,4,5,llama_32_11B
240,COVID-5,persona_40,1,3,4,2,6,5,4,llama_32_11B
241,COVID-6,persona_40,7,6,4,3,5,6,5,llama_32_11B
242,COVID-7,persona_40,3,6,4,3,5,6,5,llama_32_11B
243,COVID-8,persona_40,4,6,4,4,6,6,6,llama_32_11B
244,COVID-9,persona_40,1,6,4,2,5,3,4,llama_32_11B
245,COVID-10,persona_40,3,4,4,3,5,4,4,llama_32_11B
246,COVID-6,persona_41,7,5,4,3,6,5,4,llama_32_11B
247,COVID-7,persona_41,3,6,4,3,5,6,5,llama_32_11B
248,COVID-8,persona_41,4,6,4,4,5,6,5,llama_32_11B
249,COVID-9,persona_41,3,6,4,3,5,6,5,llama_32_11B
250,COVID-10,persona_41,3,6,4,3,6,5,6,llama_32_11B
251,COVID-11,persona_41,4,5,4,3,5,5,5,llama_32_11B
252,COVID-7,persona_42,4,6,5,3,5,6,5,llama_32_11B
253,COVID-8,persona_42,4,6,4,4,5,6,5,llama_32_11B
254,COVID-9,persona_42,3,6,4,3,5,6,5,llama_32_11B
255,COVID-10,persona_42,3,6,4,3,6,5,6,llama_32_11B
256,COVID-11,persona_42,4,5,4,3,5,5,5,llama_32_11B
257,COVID-12,persona_42,4,6,4,3,5,4,5,llama_32_11B
258,COVID-8,persona_43,4,5,4,4,5,5,5,llama_32_11B
259,COVID-9,persona_43,1,6,4,3,2,5,4,llama_32_11B
260,COVID-10,persona_43,3,4,4,3,6,5,4,llama_32_11B
261,COVID-11,persona_43,4,5,4,3,5,5,5,llama_32_11B
262,COVID-12,persona_43,4,5,4,3,4,5,5,llama_32_11B
263,COVID-1,persona_43,3,4,4,2,2,5,4,llama_32_11B
264,COVID-9,persona_44,1,6,4,2,5,3,4,llama_32_11B
265,COVID-10,persona_44,3,6,4,3,6,5,6,llama_32_11B
266,COVID-11,persona_44,4,5,4,3,5,5,5,llama_32_11B
267,COVID-12,persona_44,4,5,4,3,4,5,4,llama_32_11B
268,COVID-1,persona_44,1,3,2,1,1,4,3,llama_32_11B
269,COVID-2,persona_44,1,6,4,2,3,5,6,llama_32_11B
270,COVID-10,persona_45,3,6,4,3,6,5,6,llama_32_11B
271,COVID-11,persona_45,4,5,4,3,5,5,5,llama_32_11B
272,COVID-12,persona_45,4,5,4,3,4,5,4,llama_32_11B
273,COVID-1,persona_45,1,3,2,1,1,3,4,llama_32_11B
274,COVID-2,persona_45,1,6,4,2,3,5,6,llama_32_11B
275,COVID-3,persona_45,3,4,4,3,4,4,4,llama_32_11B
276,COVID-11,persona_46,4,6,5,3,5,6,5,llama_32_11B
277,COVID-12,persona_46,4,6,5,4,5,6,5,llama_32_11B
278,COVID-1,persona_46,2,5,4,3,6,7,5,llama_32_11B
279,COVID-2,persona_46,1,6,4,2,3,5,6,llama_32_11B
280,COVID-3,persona_46,4,6,4,4,5,6,6,llama_32_11B
281,COVID-4,persona_46,4,6,5,3,6,5,6,llama_32_11B
282,COVID-12,persona_47,4,5,4,3,4,5,5,llama_32_11B
283,COVID-1,persona_47,3,4,3,2,3,4,4,llama_32_11B
284,COVID-2,persona_47,3,6,4,2,5,7,6,llama_32_11B
285,COVID-3,persona_47,4,6,4,4,4,6,6,llama_32_11B
286,COVID-4,persona_47,4,5,4,3,6,5,5,llama_32_11B
287,COVID-5,persona_47,1,3,4,1,6,5,4,llama_32_11B
288,COVID-1,persona_48,3,4,2,1,6,5,4,llama_32_11B
289,COVID-2,persona_48,1,6,4,2,3,5,6,llama_32_11B
290,COVID-3,persona_48,3,4,4,3,4,4,4,llama_32_11B
291,COVID-4,persona_48,3,5,4,3,6,5,4,llama_32_11B
292,COVID-5,persona_48,1,5,4,2,6,7,5,llama_32_11B
293,COVID-6,persona_48,7,5,4,3,6,5,4,llama_32_11B
294,COVID-2,persona_49,1,6,4,2,3,5,6,llama_32_11B
295,COVID-3,persona_49,3,4,4,3,4,4,4,llama_32_11B
296,COVID-4,persona_49,3,4,3,2,4,3,4,llama_32_11B
297,COVID-5,persona_49,1,6,4,2,7,5,3,llama_32_11B
298,COVID-6,persona_49,3,4,3,2,4,3,4,llama_32_11B
299,COVID-7,persona_49,2,5,4,3,6,4,5,llama_32_11B
300,COVID-3,persona_50,4,6,4,4,5,6,6,llama_32_11B
301,COVID-4,persona_50,6,5,4,3,7,6,5,llama_32_11B
302,COVID-5,persona_50,4,6,5,3,7,6,5,llama_32_11B
303,COVID-6,persona_50,4,5,4,3,5,6,5,llama_32_11B
304,COVID-7,persona_50,4,6,4,3,5,4,5,llama_32_11B
305,COVID-8,persona_50,4,6,4,4,6,6,6,llama_32_11B
306,COVID-4,persona_51,4,5,4,3,6,5,5,llama_32_11B
307,COVID-5,persona_51,1,6,4,2,7,5,3,llama_32_11B
308,COVID-6,persona_51,7,6,4,3,5,6,5,llama_32_11B
309,COVID-7,persona_51,3,6,4,3,5,4,5,llama_32_11B
310,COVID-8,persona_51,4,6,4,4,6,6,6,llama_32_11B
311,COVID-9,persona_51,1,6,4,2,5,4,3,llama_32_11B
312,COVID-5,persona_52,1,4,4,1,6,4,4,llama_32_11B
313,COVID-6,persona_52,7,6,4,3,5,6,5,llama_32_11B
314,COVID-7,persona_52,4,6,4,3,5,4,5,llama_32_11B
315,COVID-8,persona_52,4,6,4,4,6,6,6,llama_32_11B
316,COVID-9,persona_52,1,6,4,3,6,5,6,llama_32_11B
317,COVID-10,persona_52,3,6,4,3,6,5,6,llama_32_11B
318,COVID-6,persona_53,7,5,4,3,6,5,4,llama_32_11B
319,COVID-7,persona_53,3,6,4,3,5,6,5,llama_32_11B
320,COVID-8,persona_53,4,6,4,4,6,6,6,llama_32_11B
321,COVID-9,persona_53,3,6,4,3,5,6,5,llama_32_11B
322,COVID-10,persona_53,4,6,5,4,6,5,6,llama_32_11B
323,COVID-11,persona_53,4,6,5,3,5,6,5,llama_32_11B
324,COVID-7,persona_54,4,6,5,3,5,4,6,llama_32_11B
325,COVID-8,persona_54,4,6,4,4,6,6,6,llama_32_11B
326,COVID-9,persona_54,3,6,4,3,5,6,5,llama_32_11B
327,COVID-10,persona_54,3,6,4,3,6,5,6,llama_32_11B
328,COVID-11,persona_54,4,6,5,3,5,6,5,llama_32_11B
329,COVID-12,persona_54,4,6,5,3,4,5,6,llama_32_11B
330,COVID-8,persona_55,4,6,4,4,6,6,6,llama_32_11B
331,COVID-9,persona_55,1,6,4,3,6,5,6,llama_32_11B
332,COVID-10,persona_55,3,6,4,3,6,5,6,llama_32_11B
333,COVID-11,persona_55,4,6,5,3,5,6,5,llama_32_11B
334,COVID-12,persona_55,4,6,4,3,5,4,5,llama_32_11B
335,COVID-1,persona_55,1,5,2,3,6,4,5,llama_32_11B
336,COVID-9,persona_56,4,6,4,3,5,6,5,llama_32_11B
337,COVID-10,persona_56,4,6,5,4,6,5,6,llama_32_11B
338,COVID-11,persona_56,4,5,4,3,5,5,4,llama_32_11B
339,COVID-12,persona_56,4,6,4,3,5,6,5,llama_32_11B
340,COVID-1,persona_56,7,6,4,3,2,5,6,llama_32_11B
341,COVID-2,persona_56,4,6,5,3,2,4,5,llama_32_11B
342,COVID-10,persona_57,3,6,4,3,6,5,6,llama_32_11B
343,COVID-11,persona_57,4,6,5,3,6,5,6,llama_32_11B
344,COVID-12,persona_57,4,6,4,3,5,4,5,llama_32_11B
345,COVID-1,persona_57,3,4,2,1,6,5,7,llama_32_11B
346,COVID-2,persona_57,1,6,4,2,3,5,6,llama_32_11B
347,COVID-3,persona_57,4,6,4,4,6,6,6,llama_32_11B
348,COVID-11,persona_58,3,5,4,3,5,6,5,llama_32_11B
349,COVID-12,persona_58,3,6,4,3,5,6,5,llama_32_11B
350,COVID-1,persona_58,3,4,2,2,1,5,6,llama_32_11B
351,COVID-2,persona_58,1,6,4,3,2,5,6,llama_32_11B
352,COVID-3,persona_58,3,4,4,3,4,4,4,llama_32_11B
353,COVID-4,persona_58,3,4,4,3,4,4,4,llama_32_11B
354,COVID-12,persona_59,4,6,5,3,4,5,6,llama_32_11B
355,COVID-1,persona_59,1,3,4,2,6,5,7,llama_32_11B
356,COVID-2,persona_59,1,6,4,2,3,5,6,llama_32_11B
357,COVID-3,persona_59,4,6,4,4,6,6,6,llama_32_11B
358,COVID-4,persona_59,4,6,4,3,6,5,6,llama_32_11B
359,COVID-5,persona_59,1,4,6,1,7,5,4,llama_32_11B
360,COVID-1,persona_60,1,3,2,1,1,4,3,llama_32_11B
361,COVID-2,persona_60,1,6,4,2,3,5,6,llama_32_11B
362,COVID-3,persona_60,4,6,5,4,6,7,6,llama_32_11B
363,COVID-4,persona_60,4,6,3,2,5,4,6,llama_32_11B
364,COVID-5,persona_60,3,4,5,2,6,5,4,llama_32_11B
365,COVID-6,persona_60,7,6,4,3,5,6,5,llama_32_11B
366,COVID-2,persona_61,4,6,5,3,2,4,5,llama_32_11B
367,COVID-3,persona_61,4,5,4,4,5,5,5,llama_32_11B
368,COVID-4,persona_61,4,6,5,3,6,5,6,llama_32_11B
369,COVID-5,persona_61,3,6,4,2,5,4,3,llama_32_11B
370,COVID-6,persona_61,6,5,4,3,7,6,5,llama_32_11B
371,COVID-7,persona_61,4,6,5,3,6,5,6,llama_32_11B
372,COVID-3,persona_62,4,5,4,4,5,6,5,llama_32_11B
373,COVID-4,persona_62,4,5,4,3,5,4,5,llama_32_11B
374,COVID-5,persona_62,3,5,4,2,6,5,4,llama_32_11B
375,COVID-6,persona_62,4,5,4,3,6,5,4,llama_32_11B
376,COVID-7,persona_62,4,6,5,3,6,5,6,llama_32_11B
377,COVID-8,persona_62,4,6,4,4,6,6,6,llama_32_11B
378,COVID-4,persona_63,4,5,4,3,6,5,5,llama_32_11B
379,COVID-5,persona_63,1,2,3,4,5,6,7,llama_32_11B
380,COVID-6,persona_63,3,4,2,1,5,6,4,llama_32_11B
381,COVID-7,persona_63,3,6,4,3,5,6,5,llama_32_11B
382,COVID-8,persona_63,4,6,4,3,5,6,5,llama_32_11B
383,COVID-9,persona_63,1,6,4,2,5,3,6,llama_32_11B
384,COVID-5,persona_64,1,6,4,1,7,5,6,llama_32_11B
385,COVID-6,persona_64,7,5,4,3,6,5,4,llama_32_11B
386,COVID-7,persona_64,4,6,5,3,6,5,6,llama_32_11B
387,COVID-8,persona_64,4,6,4,4,6,6,6,llama_32_11B
388,COVID-9,persona_64,1,6,4,2,5,3,6,llama_32_11B
389,COVID-10,persona_64,3,6,4,3,6,5,6,llama_32_11B
390,COVID-6,persona_65,7,6,4,3,5,6,5,llama_32_11B
391,COVID-7,persona_65,3,6,4,3,5,4,5,llama_32_11B
392,COVID-8,persona_65,4,6,4,4,5,6,5,llama_32_11B
393,COVID-9,persona_65,3,6,4,3,5,6,5,llama_32_11B
394,COVID-10,persona_65,3,6,4,3,5,4,6,llama_32_11B
395,COVID-11,persona_65,4,6,5,3,5,6,5,llama_32_11B
396,COVID-7,persona_66,3,6,4,3,5,6,5,llama_32_11B
397,COVID-8,persona_66,4,6,4,4,6,6,6,llama_32_11B
398,COVID-9,persona_66,1,6,4,3,5,6,5,llama_32_11B
399,COVID-10,persona_66,3,6,4,3,6,5,6,llama_32_11B
400,COVID-11,persona_66,4,5,4,3,5,5,5,llama_32_11B
401,COVID-12,persona_66,3,5,4,3,4,5,4,llama_32_11B
402,COVID-8,persona_67,4,6,4,4,6,6,6,llama_32_11B
403,COVID-9,persona_67,4,6,5,3,4,6,5,llama_32_11B
404,COVID-10,persona_67,3,4,4,3,6,5,4,llama_32_11B
405,COVID-11,persona_67,4,6,5,3,5,6,5,llama_32_11B
406,COVID-12,persona_67,4,6,5,4,3,5,6,llama_32_11B
407,COVID-1,persona_67,3,4,4,2,3,5,4,llama_32_11B
408,COVID-9,persona_68,4,6,4,3,5,6,5,llama_32_11B
409,COVID-10,persona_68,3,4,4,3,6,5,4,llama_32_11B
410,COVID-11,persona_68,4,5,4,3,5,5,5,llama_32_11B
411,COVID-12,persona_68,4,5,4,3,4,5,5,llama_32_11B
412,COVID-1,persona_68,7,6,4,3,2,5,6,llama_32_11B
413,COVID-2,persona_68,3,5,4,3,6,7,6,llama_32_11B
414,COVID-10,persona_69,3,6,4,3,6,5,6,llama_32_11B
415,COVID-11,persona_69,4,6,4,3,5,5,6,llama_32_11B
416,COVID-12,persona_69,4,6,4,4,4,5,5,llama_32_11B
417,COVID-1,persona_69,1,3,2,1,1,4,3,llama_32_11B
418,COVID-2,persona_69,3,6,4,2,5,7,6,llama_32_11B
419,COVID-3,persona_69,4,6,4,4,5,6,6,llama_32_11B
420,COVID-11,persona_70,3,5,4,3,4,5,5,llama_32_11B
421,COVID-12,persona_70,4,6,4,4,4,5,5,llama_32_11B
422,COVID-1,persona_70,1,2,3,4,5,6,7,llama_32_11B
423,COVID-2,persona_70,1,6,4,2,3,5,6,llama_32_11B
424,COVID-3,persona_70,3,6,4,3,5,6,5,llama_32_11B
425,COVID-4,persona_70,2,5,4,3,6,4,5,llama_32_11B
426,COVID-12,persona_71,4,5,4,3,4,5,5,llama_32_11B
427,COVID-1,persona_71,4,3,4,2,3,5,4,llama_32_11B
428,COVID-2,persona_71,3,5,4,2,6,7,5,llama_32_11B
429,COVID-3,persona_71,4,5,4,4,5,6,5,llama_32_11B
430,COVID-4,persona_71,4,5,4,3,6,5,5,llama_32_11B
431,COVID-5,persona_71,3,6,4,2,5,4,5,llama_32_11B
432,HousePrice-1,persona_72,4,6,5,4,6,5,6,llama_32_11B
433,HousePrice-2,persona_72,4,5,4,3,5,5,4,llama_32_11B
434,HousePrice-3,persona_72,4,6,4,3,5,4,5,llama_32_11B
435,HousePrice-4,persona_72,4,4,4,4,4,4,4,llama_32_11B
436,HousePrice-5,persona_72,4,6,4,3,6,5,6,llama_32_11B
437,HousePrice-6,persona_72,4,6,4,4,6,6,6,llama_32_11B
438,HousePrice-2,persona_73,4,6,3,2,5,4,5,llama_32_11B
439,HousePrice-3,persona_73,4,6,4,3,5,4,5,llama_32_11B
440,HousePrice-4,persona_73,4,5,4,4,5,5,5,llama_32_11B
441,HousePrice-5,persona_73,4,6,4,3,6,5,6,llama_32_11B
442,HousePrice-6,persona_73,4,6,4,4,6,6,6,llama_32_11B
443,HousePrice-7,persona_73,4,6,4,3,5,4,5,llama_32_11B
444,HousePrice-3,persona_74,4,6,4,3,5,4,5,llama_32_11B
445,HousePrice-4,persona_74,3,4,4,3,4,4,4,llama_32_11B
446,HousePrice-5,persona_74,3,6,4,3,6,5,6,llama_32_11B
447,HousePrice-6,persona_74,4,6,5,3,5,6,5,llama_32_11B
448,HousePrice-7,persona_74,4,6,4,3,5,4,5,llama_32_11B
449,HousePrice-8,persona_74,1,5,2,1,6,4,3,llama_32_11B
450,HousePrice-4,persona_75,4,4,4,4,4,4,4,llama_32_11B
451,HousePrice-5,persona_75,3,4,4,3,5,4,4,llama_32_11B
452,HousePrice-6,persona_75,4,6,4,4,6,6,6,llama_32_11B
453,HousePrice-7,persona_75,4,6,4,3,5,4,5,llama_32_11B
454,HousePrice-8,persona_75,3,5,4,3,6,5,4,llama_32_11B
455,HousePrice-9,persona_75,3,6,4,3,5,6,5,llama_32_11B
456,HousePrice-5,persona_76,3,6,4,3,6,5,6,llama_32_11B
457,HousePrice-6,persona_76,4,6,4,4,6,6,6,llama_32_11B
458,HousePrice-7,persona_76,4,6,4,3,5,4,5,llama_32_11B
459,HousePrice-8,persona_76,2,5,3,2,4,6,5,llama_32_11B
460,HousePrice-9,persona_76,4,6,5,3,5,6,5,llama_32_11B
461,HousePrice-10,persona_76,3,4,3,2,5,4,4,llama_32_11B
462,HousePrice-6,persona_77,4,6,4,4,6,6,6,llama_32_11B
463,HousePrice-7,persona_77,4,6,4,3,5,5,4,llama_32_11B
464,HousePrice-8,persona_77,4,6,4,3,5,6,5,llama_32_11B
465,HousePrice-9,persona_77,3,6,4,3,5,6,5,llama_32_11B
466,HousePrice-10,persona_77,3,4,2,1,6,5,4,llama_32_11B
467,HousePrice-11,persona_77,4,6,5,3,6,5,6,llama_32_11B
468,HousePrice-7,persona_78,4,6,4,3,5,4,5,llama_32_11B
469,HousePrice-8,persona_78,4,5,4,3,6,5,5,llama_32_11B
470,HousePrice-9,persona_78,4,6,5,3,5,4,5,llama_32_11B
471,HousePrice-10,persona_78,4,5,4,3,6,5,4,llama_32_11B
472,HousePrice-11,persona_78,4,6,5,3,6,5,6,llama_32_11B
473,HousePrice-12,persona_78,3,5,4,2,6,5,4,llama_32_11B
474,HousePrice-8,persona_79,4,6,3,2,5,4,5,llama_32_11B
475,HousePrice-9,persona_79,4,6,5,3,5,4,5,llama_32_11B
476,HousePrice-10,persona_79,3,4,3,2,5,4,4,llama_32_11B
477,HousePrice-11,persona_79,4,5,4,3,5,4,5,llama_32_11B
478,HousePrice-12,persona_79,3,5,4,3,6,5,4,llama_32_11B
479,HousePrice-1,persona_79,3,6,4,3,5,6,5,llama_32_11B
480,HousePrice-9,persona_80,4,6,5,4,5,6,5,llama_32_11B
481,HousePrice-10,persona_80,3,4,3,2,5,4,3,llama_32_11B
482,HousePrice-11,persona_80,4,5,4,4,5,5,5,llama_32_11B
483,HousePrice-12,persona_80,3,5,4,3,6,5,4,llama_32_11B
484,HousePrice-1,persona_80,4,6,5,4,6,5,6,llama_32_11B
485,HousePrice-2,persona_80,3,4,3,2,5,4,3,llama_32_11B
486,HousePrice-10,persona_81,3,4,2,1,5,3,4,llama_32_11B
487,HousePrice-11,persona_81,4,5,4,3,6,5,5,llama_32_11B
488,HousePrice-12,persona_81,3,5,4,3,5,5,4,llama_32_11B
489,HousePrice-1,persona_81,3,6,4,3,5,6,5,llama_32_11B
490,HousePrice-2,persona_81,4,5,3,2,6,4,5,llama_32_11B
491,HousePrice-3,persona_81,4,6,4,3,5,4,4,llama_32_11B
492,HousePrice-11,persona_82,4,6,5,3,6,5,6,llama_32_11B
493,HousePrice-12,persona_82,3,5,4,3,4,5,4,llama_32_11B
494,HousePrice-1,persona_82,4,5,4,3,5,5,5,llama_32_11B
495,HousePrice-2,persona_82,4,5,4,3,6,5,4,llama_32_11B
496,HousePrice-3,persona_82,4,5,4,3,5,4,5,llama_32_11B
497,HousePrice-4,persona_82,4,4,4,4,4,4,4,llama_32_11B
498,HousePrice-12,persona_83,3,5,4,3,5,6,5,llama_32_11B
499,HousePrice-1,persona_83,4,6,5,4,6,5,6,llama_32_11B
500,HousePrice-2,persona_83,4,5,3,2,6,4,5,llama_32_11B
501,HousePrice-3,persona_83,4,6,4,3,5,4,5,llama_32_11B
502,HousePrice-4,persona_83,4,6,4,4,4,4,4,llama_32_11B
503,HousePrice-5,persona_83,4,6,4,3,5,4,5,llama_32_11B
504,HousePrice-1,persona_84,3,6,4,3,5,6,5,llama_32_11B
505,HousePrice-2,persona_84,3,5,4,3,6,5,4,llama_32_11B
506,HousePrice-3,persona_84,4,6,4,3,5,4,5,llama_32_11B
507,HousePrice-4,persona_84,3,5,4,3,4,5,4,llama_32_11B
508,HousePrice-5,persona_84,3,6,4,3,6,5,6,llama_32_11B
509,HousePrice-6,persona_84,4,6,4,4,5,6,6,llama_32_11B
510,HousePrice-2,persona_85,3,4,3,2,4,5,4,llama_32_11B
511,HousePrice-3,persona_85,4,6,4,3,5,4,5,llama_32_11B
512,HousePrice-4,persona_85,3,4,3,2,4,4,4,llama_32_11B
513,HousePrice-5,persona_85,3,6,4,3,6,5,6,llama_32_11B
514,HousePrice-6,persona_85,4,6,4,4,6,6,6,llama_32_11B
515,HousePrice-7,persona_85,4,6,4,3,5,4,5,llama_32_11B
516,HousePrice-3,persona_86,4,5,4,3,5,4,5,llama_32_11B
517,HousePrice-4,persona_86,3,4,4,3,3,4,4,llama_32_11B
518,HousePrice-5,persona_86,2,5,4,3,6,5,4,llama_32_11B
519,HousePrice-6,persona_86,4,6,5,3,5,6,5,llama_32_11B
520,HousePrice-7,persona_86,4,6,5,3,5,4,5,llama_32_11B
521,HousePrice-8,persona_86,1,6,4,3,6,5,4,llama_32_11B
522,HousePrice-4,persona_87,3,4,4,3,4,4,4,llama_32_11B
523,HousePrice-5,persona_87,4,6,4,3,6,5,6,llama_32_11B
524,HousePrice-6,persona_87,4,6,4,4,6,6,6,llama_32_11B
525,HousePrice-7,persona_87,3,6,4,3,5,4,5,llama_32_11B
526,HousePrice-8,persona_87,3,5,4,2,6,4,5,llama_32_11B
527,HousePrice-9,persona_87,3,6,4,3,5,6,5,llama_32_11B
528,HousePrice-5,persona_88,3,6,4,3,6,5,6,llama_32_11B
529,HousePrice-6,persona_88,4,6,4,4,6,6,6,llama_32_11B
530,HousePrice-7,persona_88,3,6,4,3,5,4,5,llama_32_11B
531,HousePrice-8,persona_88,1,6,2,3,5,4,6,llama_32_11B
532,HousePrice-9,persona_88,3,5,4,3,5,4,4,llama_32_11B
533,HousePrice-10,persona_88,3,4,2,1,5,3,4,llama_32_11B
534,HousePrice-6,persona_89,4,6,4,4,6,6,6,llama_32_11B
535,HousePrice-7,persona_89,4,6,4,3,5,4,5,llama_32_11B
536,HousePrice-8,persona_89,3,5,4,3,6,5,5,llama_32_11B
537,HousePrice-9,persona_89,3,6,4,3,5,4,5,llama_32_11B
538,HousePrice-10,persona_89,3,4,2,1,6,5,4,llama_32_11B
539,HousePrice-11,persona_89,4,5,4,3,6,5,5,llama_32_11B
540,HousePrice-7,persona_90,4,6,4,3,5,5,4,llama_32_11B
541,HousePrice-8,persona_90,3,5,4,3,6,5,4,llama_32_11B
542,HousePrice-9,persona_90,4,6,5,3,5,4,5,llama_32_11B
543,HousePrice-10,persona_90,3,4,2,1,6,5,4,llama_32_11B
544,HousePrice-11,persona_90,4,6,5,3,6,5,6,llama_32_11B
545,HousePrice-12,persona_90,3,5,4,2,6,5,4,llama_32_11B
546,HousePrice-8,persona_91,3,5,4,3,6,5,4,llama_32_11B
547,HousePrice-9,persona_91,3,6,4,3,5,6,5,llama_32_11B
548,HousePrice-10,persona_91,3,4,2,1,5,6,4,llama_32_11B
549,HousePrice-11,persona_91,4,5,4,3,5,5,5,llama_32_11B
550,HousePrice-12,persona_91,3,5,4,3,4,5,4,llama_32_11B
551,HousePrice-1,persona_91,4,5,4,3,5,5,5,llama_32_11B
552,HousePrice-9,persona_92,4,6,5,4,5,6,5,llama_32_11B
553,HousePrice-10,persona_92,3,4,2,1,5,6,4,llama_32_11B
554,HousePrice-11,persona_92,4,5,4,3,6,5,5,llama_32_11B
555,HousePrice-12,persona_92,3,5,4,3,4,5,4,llama_32_11B
556,HousePrice-1,persona_92,4,6,5,3,6,5,6,llama_32_11B
557,HousePrice-2,persona_92,3,5,4,3,6,5,4,llama_32_11B
558,HousePrice-10,persona_93,3,4,2,1,6,5,4,llama_32_11B
559,HousePrice-11,persona_93,4,6,5,3,6,5,6,llama_32_11B
560,HousePrice-12,persona_93,4,6,5,3,5,6,5,llama_32_11B
561,HousePrice-1,persona_93,4,6,5,3,6,7,6,llama_32_11B
562,HousePrice-2,persona_93,4,5,3,2,6,4,5,llama_32_11B
563,HousePrice-3,persona_93,4,6,4,3,5,4,5,llama_32_11B
564,HousePrice-11,persona_94,4,5,4,3,6,5,5,llama_32_11B
565,HousePrice-12,persona_94,3,5,4,3,6,5,4,llama_32_11B
566,HousePrice-1,persona_94,4,6,5,3,6,5,6,llama_32_11B
567,HousePrice-2,persona_94,4,5,4,3,6,5,5,llama_32_11B
568,HousePrice-3,persona_94,4,6,4,3,5,4,5,llama_32_11B
569,HousePrice-4,persona_94,3,6,4,3,5,6,5,llama_32_11B
570,HousePrice-12,persona_95,3,5,4,3,5,5,4,llama_32_11B
571,HousePrice-1,persona_95,3,5,4,3,5,5,4,llama_32_11B
572,HousePrice-2,persona_95,4,5,3,2,6,4,5,llama_32_11B
573,HousePrice-3,persona_95,4,6,4,3,5,4,5,llama_32_11B
574,HousePrice-4,persona_95,3,4,4,3,3,4,4,llama_32_11B
575,HousePrice-5,persona_95,3,4,3,2,5,4,4,llama_32_11B
576,HousePrice-1,persona_96,4,6,4,3,5,4,5,llama_32_11B
577,HousePrice-2,persona_96,4,5,3,2,6,4,5,llama_32_11B
578,HousePrice-3,persona_96,4,6,4,3,5,4,4,llama_32_11B
579,HousePrice-4,persona_96,3,6,4,3,5,4,5,llama_32_11B
580,HousePrice-5,persona_96,3,6,4,3,6,5,6,llama_32_11B
581,HousePrice-6,persona_96,4,6,4,4,6,6,6,llama_32_11B
582,HousePrice-2,persona_97,4,6,3,2,5,4,5,llama_32_11B
583,HousePrice-3,persona_97,4,6,4,3,5,4,5,llama_32_11B
584,HousePrice-4,persona_97,4,6,4,4,4,4,4,llama_32_11B
585,HousePrice-5,persona_97,2,5,4,3,6,5,5,llama_32_11B
586,HousePrice-6,persona_97,4,6,4,4,6,6,6,llama_32_11B
587,HousePrice-7,persona_97,4,6,4,3,5,4,5,llama_32_11B
588,HousePrice-3,persona_98,4,6,4,3,5,4,4,llama_32_11B
589,HousePrice-4,persona_98,3,5,4,3,6,4,5,llama_32_11B
590,HousePrice-5,persona_98,4,6,4,3,6,5,6,llama_32_11B
591,HousePrice-6,persona_98,4,6,4,3,5,6,5,llama_32_11B
592,HousePrice-7,persona_98,4,6,4,3,5,4,5,llama_32_11B
593,HousePrice-8,persona_98,1,6,4,2,5,3,6,llama_32_11B
594,HousePrice-4,persona_99,3,4,3,2,3,4,4,llama_32_11B
595,HousePrice-5,persona_99,3,5,4,3,6,5,4,llama_32_11B
596,HousePrice-6,persona_99,4,6,4,4,6,6,6,llama_32_11B
597,HousePrice-7,persona_99,3,6,4,3,5,6,5,llama_32_11B
598,HousePrice-8,persona_99,2,5,3,2,4,6,5,llama_32_11B
599,HousePrice-9,persona_99,3,6,4,3,5,6,5,llama_32_11B
600,HousePrice-5,persona_100,3,6,4,3,6,5,6,llama_32_11B
601,HousePrice-6,persona_100,4,6,4,4,5,6,5,llama_32_11B
602,HousePrice-7,persona_100,4,6,4,3,5,4,5,llama_32_11B
603,HousePrice-8,persona_100,3,5,4,2,6,4,5,llama_32_11B
604,HousePrice-9,persona_100,4,6,5,3,5,6,5,llama_32_11B
605,HousePrice-10,persona_100,3,5,4,2,6,4,5,llama_32_11B
606,HousePrice-6,persona_101,4,6,5,4,6,5,6,llama_32_11B
607,HousePrice-7,persona_101,4,6,4,3,5,4,5,llama_32_11B
608,HousePrice-8,persona_101,3,5,4,3,6,5,4,llama_32_11B
609,HousePrice-9,persona_101,4,6,5,3,5,4,5,llama_32_11B
610,HousePrice-10,persona_101,4,5,4,3,6,5,4,llama_32_11B
611,HousePrice-11,persona_101,4,6,5,4,6,5,6,llama_32_11B
612,HousePrice-7,persona_102,4,6,4,3,5,4,4,llama_32_11B
613,HousePrice-8,persona_102,3,5,4,3,6,5,4,llama_32_11B
614,HousePrice-9,persona_102,4,6,5,4,5,6,5,llama_32_11B
615,HousePrice-10,persona_102,3,4,3,2,5,4,4,llama_32_11B
616,HousePrice-11,persona_102,4,6,5,3,6,5,6,llama_32_11B
617,HousePrice-12,persona_102,3,5,4,3,6,5,4,llama_32_11B
618,HousePrice-8,persona_103,2,5,3,2,4,6,5,llama_32_11B
619,HousePrice-9,persona_103,4,6,5,4,5,6,5,llama_32_11B
620,HousePrice-10,persona_103,3,5,4,2,6,4,5,llama_32_11B
621,HousePrice-11,persona_103,4,6,5,4,6,5,6,llama_32_11B
622,HousePrice-12,persona_103,3,5,4,3,5,5,4,llama_32_11B
623,HousePrice-1,persona_103,4,6,5,4,6,5,6,llama_32_11B
624,HousePrice-9,persona_104,4,6,5,4,5,6,5,llama_32_11B
625,HousePrice-10,persona_104,3,4,3,2,5,4,4,llama_32_11B
626,HousePrice-11,persona_104,4,6,5,3,6,5,6,llama_32_11B
627,HousePrice-12,persona_104,3,5,4,3,5,6,5,llama_32_11B
628,HousePrice-1,persona_104,4,6,5,4,6,5,6,llama_32_11B
629,HousePrice-2,persona_104,4,6,3,2,5,4,5,llama_32_11B
630,HousePrice-10,persona_105,3,4,2,1,6,5,4,llama_32_11B
631,HousePrice-11,persona_105,4,6,5,3,6,5,6,llama_32_11B
632,HousePrice-12,persona_105,3,5,4,2,6,5,4,llama_32_11B
633,HousePrice-1,persona_105,4,6,4,3,5,6,5,llama_32_11B
634,HousePrice-2,persona_105,3,4,3,2,5,4,4,llama_32_11B
635,HousePrice-3,persona_105,4,6,4,3,5,4,5,llama_32_11B
636,HousePrice-11,persona_106,4,6,5,4,6,5,6,llama_32_11B
637,HousePrice-12,persona_106,3,5,4,3,5,5,4,llama_32_11B
638,HousePrice-1,persona_106,3,6,4,3,6,5,6,llama_32_11B
639,HousePrice-2,persona_106,3,5,4,3,6,5,4,llama_32_11B
640,HousePrice-3,persona_106,4,6,5,3,6,5,6,llama_32_11B
641,HousePrice-4,persona_106,3,5,4,3,6,5,4,llama_32_11B
642,HousePrice-12,persona_107,3,5,4,3,6,5,4,llama_32_11B
643,HousePrice-1,persona_107,4,5,4,3,5,5,5,llama_32_11B
644,HousePrice-2,persona_107,4,5,3,2,6,4,5,llama_32_11B
645,HousePrice-3,persona_107,4,5,4,3,6,5,5,llama_32_11B
646,HousePrice-4,persona_107,4,4,4,4,4,4,4,llama_32_11B
647,HousePrice-5,persona_107,3,4,4,3,6,5,5,llama_32_11B
648,HousePrice-1,persona_108,4,6,4,4,5,6,5,llama_32_11B
649,HousePrice-2,persona_108,3,4,3,2,3,4,3,llama_32_11B
650,HousePrice-3,persona_108,4,6,4,4,4,5,5,llama_32_11B
651,HousePrice-4,persona_108,3,4,4,3,3,4,4,llama_32_11B
652,HousePrice-5,persona_108,3,6,4,3,6,5,6,llama_32_11B
653,HousePrice-6,persona_108,4,6,4,4,5,6,5,llama_32_11B
654,HousePrice-2,persona_109,4,5,3,2,6,4,5,llama_32_11B
655,HousePrice-3,persona_109,4,5,4,3,6,5,5,llama_32_11B
656,HousePrice-4,persona_109,4,5,4,4,5,5,5,llama_32_11B
657,HousePrice-5,persona_109,3,6,4,3,6,5,6,llama_32_11B
658,HousePrice-6,persona_109,4,6,4,4,5,6,6,llama_32_11B
659,HousePrice-7,persona_109,4,6,4,3,5,4,5,llama_32_11B
660,HousePrice-3,persona_110,3,5,4,3,4,5,4,llama_32_11B
661,HousePrice-4,persona_110,3,4,3,2,4,4,4,llama_32_11B
662,HousePrice-5,persona_110,3,6,4,3,6,5,6,llama_32_11B
663,HousePrice-6,persona_110,4,6,4,4,6,6,6,llama_32_11B
664,HousePrice-7,persona_110,1,6,4,3,5,7,6,llama_32_11B
665,HousePrice-8,persona_110,3,5,4,2,6,4,5,llama_32_11B
666,HousePrice-4,persona_111,4,6,4,4,4,4,4,llama_32_11B
667,HousePrice-5,persona_111,3,6,4,3,6,5,6,llama_32_11B
668,HousePrice-6,persona_111,4,6,4,4,6,6,6,llama_32_11B
669,HousePrice-7,persona_111,4,6,4,3,5,4,5,llama_32_11B
670,HousePrice-8,persona_111,3,6,4,3,5,6,5,llama_32_11B
671,HousePrice-9,persona_111,3,6,4,3,5,4,5,llama_32_11B
672,HousePrice-5,persona_112,3,6,4,3,6,5,6,llama_32_11B
673,HousePrice-6,persona_112,4,5,4,4,5,5,5,llama_32_11B
674,HousePrice-7,persona_112,4,6,4,3,5,4,5,llama_32_11B
675,HousePrice-8,persona_112,3,5,4,3,6,5,4,llama_32_11B
676,HousePrice-9,persona_112,4,6,5,4,5,6,5,llama_32_11B
677,HousePrice-10,persona_112,3,4,2,1,6,5,4,llama_32_11B
678,HousePrice-6,persona_113,4,6,4,4,6,6,6,llama_32_11B
679,HousePrice-7,persona_113,4,6,4,4,5,5,5,llama_32_11B
680,HousePrice-8,persona_113,3,5,4,3,6,5,4,llama_32_11B
681,HousePrice-9,persona_113,3,6,4,3,5,6,5,llama_32_11B
682,HousePrice-10,persona_113,4,5,4,3,6,5,4,llama_32_11B
683,HousePrice-11,persona_113,4,6,5,4,6,5,6,llama_32_11B
684,HousePrice-7,persona_114,4,6,4,3,5,4,4,llama_32_11B
685,HousePrice-8,persona_114,3,6,4,2,5,3,5,llama_32_11B
686,HousePrice-9,persona_114,4,6,5,4,5,6,5,llama_32_11B
687,HousePrice-10,persona_114,3,5,4,2,6,4,5,llama_32_11B
688,HousePrice-11,persona_114,4,6,4,4,6,5,6,llama_32_11B
689,HousePrice-12,persona_114,3,5,4,3,6,5,4,llama_32_11B
690,HousePrice-8,persona_115,3,6,4,2,5,3,4,llama_32_11B
691,HousePrice-9,persona_115,4,6,5,3,5,6,5,llama_32_11B
692,HousePrice-10,persona_115,4,6,3,2,5,4,6,llama_32_11B
693,HousePrice-11,persona_115,4,6,4,3,6,5,6,llama_32_11B
694,HousePrice-12,persona_115,3,5,4,2,6,5,4,llama_32_11B
695,HousePrice-1,persona_115,4,6,4,3,5,6,5,llama_32_11B
696,HousePrice-9,persona_116,4,6,5,3,5,4,5,llama_32_11B
697,HousePrice-10,persona_116,3,4,2,1,6,5,4,llama_32_11B
698,HousePrice-11,persona_116,4,6,5,3,6,5,6,llama_32_11B
699,HousePrice-12,persona_116,4,6,5,3,5,6,5,llama_32_11B
700,HousePrice-1,persona_116,4,6,4,3,5,6,5,llama_32_11B
701,HousePrice-2,persona_116,4,5,3,2,6,4,5,llama_32_11B
702,HousePrice-10,persona_117,3,4,2,1,6,5,4,llama_32_11B
703,HousePrice-11,persona_117,3,5,4,3,6,5,5,llama_32_11B
704,HousePrice-12,persona_117,3,5,4,3,5,6,5,llama_32_11B
705,HousePrice-1,persona_117,3,6,4,3,6,5,6,llama_32_11B
706,HousePrice-2,persona_117,4,5,3,2,6,4,5,llama_32_11B
707,HousePrice-3,persona_117,3,5,4,3,6,5,4,llama_32_11B
708,HousePrice-11,persona_118,4,6,5,3,6,5,6,llama_32_11B
709,HousePrice-12,persona_118,3,5,4,3,4,5,4,llama_32_11B
710,HousePrice-1,persona_118,3,6,4,3,5,6,5,llama_32_11B
711,HousePrice-2,persona_118,3,6,4,3,5,6,5,llama_32_11B
712,HousePrice-3,persona_118,4,6,4,3,5,4,5,llama_32_11B
713,HousePrice-4,persona_118,3,6,4,3,5,6,5,llama_32_11B
714,HousePrice-12,persona_119,3,5,4,3,5,5,4,llama_32_11B
715,HousePrice-1,persona_119,4,6,4,3,5,4,5,llama_32_11B
716,HousePrice-2,persona_119,4,6,3,2,5,4,5,llama_32_11B
717,HousePrice-3,persona_119,4,5,4,3,6,5,5,llama_32_11B
718,HousePrice-4,persona_119,4,6,4,4,4,4,4,llama_32_11B
719,HousePrice-5,persona_119,3,6,4,3,6,5,6,llama_32_11B
720,HousePrice-1,persona_120,4,6,5,4,6,5,6,llama_32_11B
721,HousePrice-2,persona_120,3,5,4,3,6,5,4,llama_32_11B
722,HousePrice-3,persona_120,3,5,4,3,6,5,4,llama_32_11B
723,HousePrice-4,persona_120,3,5,4,3,4,5,4,llama_32_11B
724,HousePrice-5,persona_120,3,6,4,3,6,5,6,llama_32_11B
725,HousePrice-6,persona_120,4,6,4,4,6,6,6,llama_32_11B
726,HousePrice-2,persona_121,3,4,3,2,5,4,4,llama_32_11B
727,HousePrice-3,persona_121,4,5,4,3,5,4,5,llama_32_11B
728,HousePrice-4,persona_121,3,4,4,3,4,4,4,llama_32_11B
729,HousePrice-5,persona_121,3,6,4,3,6,5,6,llama_32_11B
730,HousePrice-6,persona_121,4,6,4,4,6,6,6,llama_32_11B
731,HousePrice-7,persona_121,1,6,4,3,5,4,6,llama_32_11B
732,HousePrice-3,persona_122,4,6,4,3,5,4,4,llama_32_11B
733,HousePrice-4,persona_122,3,5,4,3,6,4,5,llama_32_11B
734,HousePrice-5,persona_122,3,6,4,3,6,5,6,llama_32_11B
735,HousePrice-6,persona_122,4,6,4,4,6,5,6,llama_32_11B
736,HousePrice-7,persona_122,4,6,4,3,5,4,4,llama_32_11B
737,HousePrice-8,persona_122,1,6,2,3,7,5,4,llama_32_11B
738,HousePrice-4,persona_123,3,6,4,3,5,4,5,llama_32_11B
739,HousePrice-5,persona_123,3,6,4,3,6,5,4,llama_32_11B
740,HousePrice-6,persona_123,4,6,4,4,6,6,6,llama_32_11B
741,HousePrice-7,persona_123,3,6,4,3,5,4,5,llama_32_11B
742,HousePrice-8,persona_123,3,6,4,3,5,6,5,llama_32_11B
743,HousePrice-9,persona_123,3,6,4,3,5,4,5,llama_32_11B
744,HousePrice-5,persona_124,3,6,4,3,6,5,6,llama_32_11B
745,HousePrice-6,persona_124,4,6,4,4,6,6,6,llama_32_11B
746,HousePrice-7,persona_124,4,6,4,3,5,4,5,llama_32_11B
747,HousePrice-8,persona_124,3,5,4,2,6,4,5,llama_32_11B
748,HousePrice-9,persona_124,3,6,4,3,5,6,5,llama_32_11B
749,HousePrice-10,persona_124,4,6,3,2,5,4,5,llama_32_11B
750,HousePrice-6,persona_125,4,6,4,3,5,6,5,llama_32_11B
751,HousePrice-7,persona_125,4,6,4,3,5,4,5,llama_32_11B
752,HousePrice-8,persona_125,2,5,3,2,4,6,5,llama_32_11B
753,HousePrice-9,persona_125,4,6,5,3,5,6,5,llama_32_11B
754,HousePrice-10,persona_125,3,4,3,2,5,4,4,llama_32_11B
755,HousePrice-11,persona_125,4,6,5,3,6,5,6,llama_32_11B
756,HousePrice-7,persona_126,4,6,4,4,4,5,5,llama_32_11B
757,HousePrice-8,persona_126,1,6,4,3,6,5,4,llama_32_11B
758,HousePrice-9,persona_126,3,6,4,3,5,6,5,llama_32_11B
759,HousePrice-10,persona_126,3,5,4,2,6,4,5,llama_32_11B
760,HousePrice-11,persona_126,4,6,4,3,6,5,6,llama_32_11B
761,HousePrice-12,persona_126,3,5,4,3,5,6,5,llama_32_11B
762,HousePrice-8,persona_127,4,5,4,3,6,5,5,llama_32_11B
763,HousePrice-9,persona_127,4,6,5,3,5,6,5,llama_32_11B
764,HousePrice-10,persona_127,3,4,3,2,5,4,4,llama_32_11B
765,HousePrice-11,persona_127,4,5,4,3,6,5,5,llama_32_11B
766,HousePrice-12,persona_127,4,6,5,3,5,6,5,llama_32_11B
767,HousePrice-1,persona_127,4,5,4,3,6,5,5,llama_32_11B
768,HousePrice-9,persona_128,4,6,5,3,5,6,5,llama_32_11B
769,HousePrice-10,persona_128,3,5,4,2,6,4,5,llama_32_11B
770,HousePrice-11,persona_128,4,6,5,3,6,5,6,llama_32_11B
771,HousePrice-12,persona_128,3,5,4,3,4,5,4,llama_32_11B
772,HousePrice-1,persona_128,4,6,4,3,5,6,5,llama_32_11B
773,HousePrice-2,persona_128,4,6,3,2,5,4,5,llama_32_11B
774,HousePrice-10,persona_129,3,4,2,1,5,6,4,llama_32_11B
775,HousePrice-11,persona_129,4,6,5,3,6,5,6,llama_32_11B
776,HousePrice-12,persona_129,3,5,4,3,5,6,5,llama_32_11B
777,HousePrice-1,persona_129,4,6,4,3,5,6,5,llama_32_11B
778,HousePrice-2,persona_129,4,5,3,2,6,4,5,llama_32_11B
779,HousePrice-3,persona_129,4,6,4,3,5,4,5,llama_32_11B
780,HousePrice-11,persona_130,4,6,5,4,6,5,6,llama_32_11B
781,HousePrice-12,persona_130,3,5,4,3,5,6,5,llama_32_11B
782,HousePrice-1,persona_130,4,6,5,4,6,5,6,llama_32_11B
783,HousePrice-2,persona_130,3,5,4,3,6,5,4,llama_32_11B
784,HousePrice-3,persona_130,4,5,4,3,6,5,4,llama_32_11B
785,HousePrice-4,persona_130,4,5,4,4,5,5,5,llama_32_11B
786,HousePrice-12,persona_131,3,5,4,3,5,5,4,llama_32_11B
787,HousePrice-1,persona_131,3,6,4,3,6,5,6,llama_32_11B
788,HousePrice-2,persona_131,4,5,3,2,6,4,5,llama_32_11B
789,HousePrice-3,persona_131,3,6,4,3,5,4,6,llama_32_11B
790,HousePrice-4,persona_131,3,5,4,3,6,5,4,llama_32_11B
791,HousePrice-5,persona_131,3,6,4,3,6,5,6,llama_32_11B
792,HousePrice-1,persona_132,3,6,4,3,5,6,5,llama_32_11B
793,HousePrice-2,persona_132,4,6,3,2,5,4,5,llama_32_11B
794,HousePrice-3,persona_132,4,6,4,3,5,4,5,llama_32_11B
795,HousePrice-4,persona_132,3,6,4,3,5,6,5,llama_32_11B
796,HousePrice-5,persona_132,3,6,4,3,6,5,6,llama_32_11B
797,HousePrice-6,persona_132,4,6,4,4,6,6,6,llama_32_11B
798,HousePrice-2,persona_133,4,5,3,2,6,4,5,llama_32_11B
799,HousePrice-3,persona_133,4,5,4,3,5,4,5,llama_32_11B
800,HousePrice-4,persona_133,4,5,4,4,5,5,5,llama_32_11B
801,HousePrice-5,persona_133,4,6,4,3,6,5,6,llama_32_11B
802,HousePrice-6,persona_133,4,6,4,4,6,6,6,llama_32_11B
803,HousePrice-7,persona_133,4,6,4,3,5,4,5,llama_32_11B
804,HousePrice-3,persona_134,4,6,4,3,5,4,5,llama_32_11B
805,HousePrice-4,persona_134,3,4,4,3,4,4,4,llama_32_11B
806,HousePrice-5,persona_134,3,6,4,3,6,5,6,llama_32_11B
807,HousePrice-6,persona_134,4,6,4,4,6,6,6,llama_32_11B
808,HousePrice-7,persona_134,4,6,4,3,5,4,5,llama_32_11B
809,HousePrice-8,persona_134,1,6,4,3,6,5,4,llama_32_11B
810,HousePrice-4,persona_135,3,6,4,3,5,4,5,llama_32_11B
811,HousePrice-5,persona_135,3,6,4,3,6,5,6,llama_32_11B
812,HousePrice-6,persona_135,4,6,4,3,5,4,5,llama_32_11B
813,HousePrice-7,persona_135,3,6,4,3,5,4,5,llama_32_11B
814,HousePrice-8,persona_135,3,6,4,3,5,6,5,llama_32_11B
815,HousePrice-9,persona_135,4,6,4,3,5,4,5,llama_32_11B
816,HousePrice-5,persona_136,4,6,4,3,6,5,6,llama_32_11B
817,HousePrice-6,persona_136,4,6,5,3,6,5,6,llama_32_11B
818,HousePrice-7,persona_136,4,6,4,3,5,4,4,llama_32_11B
819,HousePrice-8,persona_136,4,6,4,3,6,5,5,llama_32_11B
820,HousePrice-9,persona_136,3,6,4,3,5,6,5,llama_32_11B
821,HousePrice-10,persona_136,3,4,2,1,5,3,4,llama_32_11B
822,HousePrice-6,persona_137,4,6,4,4,6,6,6,llama_32_11B
823,HousePrice-7,persona_137,4,6,4,3,5,4,5,llama_32_11B
824,HousePrice-8,persona_137,3,6,4,2,5,4,5,llama_32_11B
825,HousePrice-9,persona_137,3,6,4,3,5,4,5,llama_32_11B
826,HousePrice-10,persona_137,3,5,4,2,6,4,5,llama_32_11B
827,HousePrice-11,persona_137,4,6,5,3,6,5,6,llama_32_11B
828,HousePrice-7,persona_138,4,6,4,3,5,4,4,llama_32_11B
829,HousePrice-8,persona_138,3,5,4,3,6,5,4,llama_32_11B
830,HousePrice-9,persona_138,3,6,4,3,5,6,5,llama_32_11B
831,HousePrice-10,persona_138,4,6,5,3,7,6,5,llama_32_11B
832,HousePrice-11,persona_138,4,6,5,3,6,5,6,llama_32_11B
833,HousePrice-12,persona_138,3,5,4,3,5,5,4,llama_32_11B
834,HousePrice-8,persona_139,3,5,4,3,6,5,4,llama_32_11B
835,HousePrice-9,persona_139,3,6,4,3,5,6,5,llama_32_11B
836,HousePrice-10,persona_139,3,4,2,1,6,5,4,llama_32_11B
837,HousePrice-11,persona_139,4,5,4,3,6,5,5,llama_32_11B
838,HousePrice-12,persona_139,3,5,4,3,5,6,5,llama_32_11B
839,HousePrice-1,persona_139,4,6,5,4,6,5,6,llama_32_11B
840,HousePrice-9,persona_140,4,6,5,3,5,4,5,llama_32_11B
841,HousePrice-10,persona_140,3,5,4,2,6,4,5,llama_32_11B
842,HousePrice-11,persona_140,4,6,5,3,6,5,6,llama_32_11B
843,HousePrice-12,persona_140,3,5,4,2,6,5,4,llama_32_11B
844,HousePrice-1,persona_140,4,6,4,3,6,5,5,llama_32_11B
845,HousePrice-2,persona_140,4,6,3,2,5,4,5,llama_32_11B
846,HousePrice-10,persona_141,4,5,4,3,6,5,4,llama_32_11B
847,HousePrice-11,persona_141,4,6,5,3,6,5,6,llama_32_11B
848,HousePrice-12,persona_141,3,5,4,3,4,5,4,llama_32_11B
849,HousePrice-1,persona_141,4,6,5,3,6,5,6,llama_32_11B
850,HousePrice-2,persona_141,4,5,3,2,6,4,5,llama_32_11B
851,HousePrice-3,persona_141,4,5,4,3,5,4,5,llama_32_11B
852,HousePrice-11,persona_142,4,6,5,3,6,5,6,llama_32_11B
853,HousePrice-12,persona_142,3,5,4,3,4,5,4,llama_32_11B
854,HousePrice-1,persona_142,3,6,4,3,6,5,6,llama_32_11B
855,HousePrice-2,persona_142,3,5,4,3,6,5,4,llama_32_11B
856,HousePrice-3,persona_142,4,6,4,3,5,4,4,llama_32_11B
857,HousePrice-4,persona_142,4,5,4,4,4,4,4,llama_32_11B
858,HousePrice-12,persona_143,3,5,4,2,6,5,4,llama_32_11B
859,HousePrice-1,persona_143,4,6,4,3,5,6,5,llama_32_11B
860,HousePrice-2,persona_143,4,5,4,3,6,5,4,llama_32_11B
861,HousePrice-3,persona_143,4,6,4,3,5,4,5,llama_32_11B
862,HousePrice-4,persona_143,4,6,4,4,4,4,4,llama_32_11B
863,HousePrice-5,persona_143,3,6,4,3,6,5,6,llama_32_11B
864,GlobalWarming-1,persona_144,4,6,4,3,6,5,6,llama_32_11B
865,GlobalWarming-2,persona_144,4,5,4,3,6,5,4,llama_32_11B
866,GlobalWarming-3,persona_144,6,7,6,4,6,7,6,llama_32_11B
867,GlobalWarming-4,persona_144,6,5,4,3,6,5,4,llama_32_11B
868,GlobalWarming-5,persona_144,4,5,4,3,5,5,5,llama_32_11B
869,GlobalWarming-6,persona_144,4,6,5,3,6,5,6,llama_32_11B
870,GlobalWarming-2,persona_145,3,5,4,3,6,5,4,llama_32_11B
871,GlobalWarming-3,persona_145,3,6,4,3,5,6,5,llama_32_11B
872,GlobalWarming-4,persona_145,4,5,4,3,4,5,4,llama_32_11B
873,GlobalWarming-5,persona_145,4,5,4,3,5,5,5,llama_32_11B
874,GlobalWarming-6,persona_145,4,6,4,3,5,6,5,llama_32_11B
875,GlobalWarming-7,persona_145,3,6,4,3,6,5,6,llama_32_11B
876,GlobalWarming-3,persona_146,3,6,4,3,5,6,5,llama_32_11B
877,GlobalWarming-4,persona_146,4,5,4,3,5,5,4,llama_32_11B
878,GlobalWarming-5,persona_146,4,5,4,3,5,5,5,llama_32_11B
879,GlobalWarming-6,persona_146,4,6,4,3,5,4,5,llama_32_11B
880,GlobalWarming-7,persona_146,3,6,4,3,6,5,6,llama_32_11B
881,GlobalWarming-8,persona_146,3,6,4,3,5,4,5,llama_32_11B
882,GlobalWarming-4,persona_147,4,6,4,3,5,4,5,llama_32_11B
883,GlobalWarming-5,persona_147,4,5,4,3,5,5,5,llama_32_11B
884,GlobalWarming-6,persona_147,4,6,4,3,5,6,5,llama_32_11B
885,GlobalWarming-7,persona_147,4,6,4,3,5,6,5,llama_32_11B
886,GlobalWarming-8,persona_147,4,6,4,3,5,6,5,llama_32_11B
887,GlobalWarming-9,persona_147,3,5,4,3,6,5,4,llama_32_11B
888,GlobalWarming-5,persona_148,4,5,4,3,6,5,5,llama_32_11B
889,GlobalWarming-6,persona_148,4,6,4,3,5,4,5,llama_32_11B
890,GlobalWarming-7,persona_148,3,6,4,3,6,5,6,llama_32_11B
891,GlobalWarming-8,persona_148,3,6,4,3,5,4,5,llama_32_11B
892,GlobalWarming-9,persona_148,3,5,4,3,6,5,4,llama_32_11B
893,GlobalWarming-10,persona_148,4,6,5,4,6,5,6,llama_32_11B
894,GlobalWarming-6,persona_149,4,6,4,3,5,6,5,llama_32_11B
895,GlobalWarming-7,persona_149,4,6,4,3,5,6,5,llama_32_11B
896,GlobalWarming-8,persona_149,2,5,4,3,6,7,5,llama_32_11B
897,GlobalWarming-9,persona_149,3,5,4,2,6,4,5,llama_32_11B
898,GlobalWarming-10,persona_149,4,6,5,4,5,6,5,llama_32_11B
899,GlobalWarming-11,persona_149,3,6,4,2,7,5,6,llama_32_11B
900,GlobalWarming-7,persona_150,4,6,4,4,6,5,6,llama_32_11B
901,GlobalWarming-8,persona_150,4,6,4,4,5,5,5,llama_32_11B
902,GlobalWarming-9,persona_150,3,6,4,2,5,4,5,llama_32_11B
903,GlobalWarming-10,persona_150,4,6,5,4,6,5,6,llama_32_11B
904,GlobalWarming-11,persona_150,4,6,3,2,7,5,4,llama_32_11B
905,GlobalWarming-12,persona_150,3,6,4,3,5,4,5,llama_32_11B
906,GlobalWarming-8,persona_151,3,6,4,3,5,4,5,llama_32_11B
907,GlobalWarming-9,persona_151,3,6,4,2,5,4,5,llama_32_11B
908,GlobalWarming-10,persona_151,4,6,5,3,5,6,5,llama_32_11B
909,GlobalWarming-11,persona_151,3,6,4,2,7,5,6,llama_32_11B
910,GlobalWarming-12,persona_151,3,6,4,2,5,4,5,llama_32_11B
911,GlobalWarming-1,persona_151,2,6,4,2,6,6,6,llama_32_11B
912,GlobalWarming-9,persona_152,3,5,4,3,6,5,4,llama_32_11B
913,GlobalWarming-10,persona_152,4,6,5,4,5,6,5,llama_32_11B
914,GlobalWarming-11,persona_152,3,6,4,2,7,5,6,llama_32_11B
915,GlobalWarming-12,persona_152,3,6,4,2,5,4,5,llama_32_11B
916,GlobalWarming-1,persona_152,2,6,4,3,5,6,5,llama_32_11B
917,GlobalWarming-2,persona_152,4,5,4,4,5,5,5,llama_32_11B
918,GlobalWarming-10,persona_153,4,6,5,3,5,6,5,llama_32_11B
919,GlobalWarming-11,persona_153,3,6,4,2,7,5,6,llama_32_11B
920,GlobalWarming-12,persona_153,2,6,4,3,5,4,5,llama_32_11B
921,GlobalWarming-1,persona_153,3,6,4,3,6,6,6,llama_32_11B
922,GlobalWarming-2,persona_153,4,6,4,4,6,5,5,llama_32_11B
923,GlobalWarming-3,persona_153,3,6,4,3,5,6,5,llama_32_11B
924,GlobalWarming-11,persona_154,3,6,4,2,7,5,6,llama_32_11B
925,GlobalWarming-12,persona_154,3,6,4,2,5,4,5,llama_32_11B
926,GlobalWarming-1,persona_154,1,6,4,2,5,6,5,llama_32_11B
927,GlobalWarming-2,persona_154,4,6,4,4,4,4,4,llama_32_11B
928,GlobalWarming-3,persona_154,1,6,4,3,5,6,6,llama_32_11B
929,GlobalWarming-4,persona_154,3,5,4,3,4,5,4,llama_32_11B
930,GlobalWarming-12,persona_155,3,6,4,3,5,4,5,llama_32_11B
931,GlobalWarming-1,persona_155,4,6,4,3,6,5,6,llama_32_11B
932,GlobalWarming-2,persona_155,3,6,4,3,6,5,6,llama_32_11B
933,GlobalWarming-3,persona_155,3,6,4,3,6,5,6,llama_32_11B
934,GlobalWarming-4,persona_155,4,5,4,3,5,5,4,llama_32_11B
935,GlobalWarming-5,persona_155,4,5,4,3,5,5,5,llama_32_11B
936,GlobalWarming-1,persona_156,2,5,4,3,6,7,6,llama_32_11B
937,GlobalWarming-2,persona_156,4,5,4,3,5,4,5,llama_32_11B
938,GlobalWarming-3,persona_156,4,6,4,3,5,4,5,llama_32_11B
939,GlobalWarming-4,persona_156,4,5,4,3,5,5,4,llama_32_11B
940,GlobalWarming-5,persona_156,3,5,4,3,5,5,5,llama_32_11B
941,GlobalWarming-6,persona_156,4,6,5,3,6,5,6,llama_32_11B
942,GlobalWarming-2,persona_157,4,6,4,4,6,5,5,llama_32_11B
943,GlobalWarming-3,persona_157,6,7,5,4,6,7,6,llama_32_11B
944,GlobalWarming-4,persona_157,4,5,4,3,5,4,4,llama_32_11B
945,GlobalWarming-5,persona_157,4,5,4,3,5,5,5,llama_32_11B
946,GlobalWarming-6,persona_157,4,6,5,3,6,5,6,llama_32_11B
947,GlobalWarming-7,persona_157,3,6,4,3,6,5,6,llama_32_11B
948,GlobalWarming-3,persona_158,6,7,4,3,5,6,6,llama_32_11B
949,GlobalWarming-4,persona_158,4,6,4,3,5,4,5,llama_32_11B
950,GlobalWarming-5,persona_158,4,5,4,3,6,5,5,llama_32_11B
951,GlobalWarming-6,persona_158,4,6,4,3,5,4,5,llama_32_11B
952,GlobalWarming-7,persona_158,4,6,4,4,6,6,6,llama_32_11B
953,GlobalWarming-8,persona_158,4,6,4,4,6,5,6,llama_32_11B
954,GlobalWarming-4,persona_159,3,6,4,3,5,4,4,llama_32_11B
955,GlobalWarming-5,persona_159,3,5,4,3,5,5,5,llama_32_11B
956,GlobalWarming-6,persona_159,4,6,4,3,5,4,5,llama_32_11B
957,GlobalWarming-7,persona_159,3,6,4,3,6,5,6,llama_32_11B
958,GlobalWarming-8,persona_159,1,6,4,3,5,4,6,llama_32_11B
959,GlobalWarming-9,persona_159,3,6,4,2,5,3,4,llama_32_11B
960,GlobalWarming-5,persona_160,4,5,4,3,5,5,5,llama_32_11B
961,GlobalWarming-6,persona_160,4,6,4,3,5,6,5,llama_32_11B
962,GlobalWarming-7,persona_160,4,5,4,3,6,5,5,llama_32_11B
963,GlobalWarming-8,persona_160,4,6,5,3,2,4,5,llama_32_11B
964,GlobalWarming-9,persona_160,3,5,4,2,6,4,5,llama_32_11B
965,GlobalWarming-10,persona_160,4,6,5,3,5,6,6,llama_32_11B
966,GlobalWarming-6,persona_161,4,6,4,3,5,4,5,llama_32_11B
967,GlobalWarming-7,persona_161,3,6,4,3,6,5,6,llama_32_11B
968,GlobalWarming-8,persona_161,4,6,4,4,5,5,5,llama_32_11B
969,GlobalWarming-9,persona_161,3,5,4,3,6,5,4,llama_32_11B
970,GlobalWarming-10,persona_161,4,6,5,3,5,6,5,llama_32_11B
971,GlobalWarming-11,persona_161,4,6,3,2,7,5,6,llama_32_11B
972,GlobalWarming-7,persona_162,3,6,4,3,6,5,6,llama_32_11B
973,GlobalWarming-8,persona_162,1,6,4,3,5,6,6,llama_32_11B
974,GlobalWarming-9,persona_162,3,6,4,2,5,4,3,llama_32_11B
975,GlobalWarming-10,persona_162,4,6,5,4,5,6,5,llama_32_11B
976,GlobalWarming-11,persona_162,3,6,4,2,7,5,6,llama_32_11B
977,GlobalWarming-12,persona_162,3,6,4,3,5,4,5,llama_32_11B
978,GlobalWarming-8,persona_163,1,6,4,3,5,4,6,llama_32_11B
979,GlobalWarming-9,persona_163,3,6,4,2,5,4,3,llama_32_11B
980,GlobalWarming-10,persona_163,4,6,4,4,6,6,6,llama_32_11B
981,GlobalWarming-11,persona_163,3,6,4,2,7,5,6,llama_32_11B
982,GlobalWarming-12,persona_163,3,6,4,2,5,4,5,llama_32_11B
983,GlobalWarming-1,persona_163,2,6,3,2,5,4,4,llama_32_11B
984,GlobalWarming-9,persona_164,3,6,4,2,5,4,3,llama_32_11B
985,GlobalWarming-10,persona_164,4,6,4,3,5,4,5,llama_32_11B
986,GlobalWarming-11,persona_164,2,5,3,2,6,4,5,llama_32_11B
987,GlobalWarming-12,persona_164,3,6,4,2,5,4,3,llama_32_11B
988,GlobalWarming-1,persona_164,2,6,3,2,5,4,4,llama_32_11B
989,GlobalWarming-2,persona_164,3,6,4,3,6,5,4,llama_32_11B
990,GlobalWarming-10,persona_165,4,6,5,4,5,6,5,llama_32_11B
991,GlobalWarming-11,persona_165,3,6,4,2,7,5,6,llama_32_11B
992,GlobalWarming-12,persona_165,4,6,4,3,5,4,5,llama_32_11B
993,GlobalWarming-1,persona_165,2,6,4,3,6,6,6,llama_32_11B
994,GlobalWarming-2,persona_165,4,5,4,3,6,4,5,llama_32_11B
995,GlobalWarming-3,persona_165,4,5,4,3,4,4,5,llama_32_11B
996,GlobalWarming-11,persona_166,3,6,4,2,6,5,4,llama_32_11B
997,GlobalWarming-12,persona_166,3,6,4,3,5,4,5,llama_32_11B
998,GlobalWarming-1,persona_166,2,6,4,3,5,6,5,llama_32_11B
999,GlobalWarming-2,persona_166,4,5,4,4,5,5,5,llama_32_11B
1000,GlobalWarming-3,persona_166,1,6,4,3,5,6,6,llama_32_11B
1001,GlobalWarming-4,persona_166,3,5,4,3,4,5,4,llama_32_11B
1002,GlobalWarming-12,persona_167,3,6,4,2,5,4,5,llama_32_11B
1003,GlobalWarming-1,persona_167,4,6,4,3,6,5,6,llama_32_11B
1004,GlobalWarming-2,persona_167,4,5,4,3,6,5,5,llama_32_11B
1005,GlobalWarming-3,persona_167,6,7,5,3,6,7,6,llama_32_11B
1006,GlobalWarming-4,persona_167,5,6,4,3,6,5,6,llama_32_11B
1007,GlobalWarming-5,persona_167,4,5,4,3,5,5,5,llama_32_11B
1008,GlobalWarming-1,persona_168,2,5,4,3,6,7,5,llama_32_11B
1009,GlobalWarming-2,persona_168,3,4,4,3,4,4,4,llama_32_11B
1010,GlobalWarming-3,persona_168,4,6,4,3,5,6,5,llama_32_11B
1011,GlobalWarming-4,persona_168,3,4,4,3,3,4,4,llama_32_11B
1012,GlobalWarming-5,persona_168,4,5,4,3,5,5,5,llama_32_11B
1013,GlobalWarming-6,persona_168,4,6,4,3,5,6,5,llama_32_11B
1014,GlobalWarming-2,persona_169,3,6,4,3,6,5,6,llama_32_11B
1015,GlobalWarming-3,persona_169,3,6,4,3,5,4,5,llama_32_11B
1016,GlobalWarming-4,persona_169,4,5,4,3,4,5,4,llama_32_11B
1017,GlobalWarming-5,persona_169,3,5,4,3,5,4,5,llama_32_11B
1018,GlobalWarming-6,persona_169,3,6,4,3,6,5,6,llama_32_11B
1019,GlobalWarming-7,persona_169,3,6,4,3,6,5,6,llama_32_11B
1020,GlobalWarming-3,persona_170,4,6,4,3,5,4,4,llama_32_11B
1021,GlobalWarming-4,persona_170,4,6,4,3,5,4,5,llama_32_11B
1022,GlobalWarming-5,persona_170,4,5,4,3,6,5,5,llama_32_11B
1023,GlobalWarming-6,persona_170,4,6,4,3,5,4,5,llama_32_11B
1024,GlobalWarming-7,persona_170,4,6,4,3,6,5,5,llama_32_11B
1025,GlobalWarming-8,persona_170,1,6,4,3,6,5,4,llama_32_11B
1026,GlobalWarming-4,persona_171,4,5,4,3,4,5,4,llama_32_11B
1027,GlobalWarming-5,persona_171,4,5,4,3,5,5,5,llama_32_11B
1028,GlobalWarming-6,persona_171,4,6,5,3,6,5,6,llama_32_11B
1029,GlobalWarming-7,persona_171,3,6,4,3,6,5,6,llama_32_11B
1030,GlobalWarming-8,persona_171,3,6,4,3,5,6,5,llama_32_11B
1031,GlobalWarming-9,persona_171,3,6,4,2,5,7,6,llama_32_11B
1032,GlobalWarming-5,persona_172,3,5,4,3,6,5,5,llama_32_11B
1033,GlobalWarming-6,persona_172,4,6,4,3,5,4,5,llama_32_11B
1034,GlobalWarming-7,persona_172,4,6,4,3,6,5,6,llama_32_11B
1035,GlobalWarming-8,persona_172,1,6,3,2,5,4,6,llama_32_11B
1036,GlobalWarming-9,persona_172,3,6,4,2,5,3,4,llama_32_11B
1037,GlobalWarming-10,persona_172,4,6,5,4,5,6,5,llama_32_11B
1038,GlobalWarming-6,persona_173,4,6,5,3,4,5,6,llama_32_11B
1039,GlobalWarming-7,persona_173,4,6,5,3,7,6,5,llama_32_11B
1040,GlobalWarming-8,persona_173,3,6,4,3,5,4,5,llama_32_11B
1041,GlobalWarming-9,persona_173,3,6,4,2,5,4,3,llama_32_11B
1042,GlobalWarming-10,persona_173,4,6,5,4,5,6,5,llama_32_11B
1043,GlobalWarming-11,persona_173,4,6,3,2,7,5,4,llama_32_11B
1044,GlobalWarming-7,persona_174,3,6,4,3,6,5,6,llama_32_11B
1045,GlobalWarming-8,persona_174,1,6,4,3,5,4,6,llama_32_11B
1046,GlobalWarming-9,persona_174,4,6,4,3,5,4,5,llama_32_11B
1047,GlobalWarming-10,persona_174,4,6,5,4,5,6,5,llama_32_11B
1048,GlobalWarming-11,persona_174,4,6,3,2,7,5,4,llama_32_11B
1049,GlobalWarming-12,persona_174,3,6,4,2,5,4,5,llama_32_11B
1050,GlobalWarming-8,persona_175,1,6,4,3,5,4,6,llama_32_11B
1051,GlobalWarming-9,persona_175,3,6,4,2,5,4,3,llama_32_11B
1052,GlobalWarming-10,persona_175,4,6,5,4,5,6,5,llama_32_11B
1053,GlobalWarming-11,persona_175,3,6,4,2,7,5,6,llama_32_11B
1054,GlobalWarming-12,persona_175,3,6,4,2,5,4,5,llama_32_11B
1055,GlobalWarming-1,persona_175,3,6,4,3,6,5,6,llama_32_11B
1056,GlobalWarming-9,persona_176,4,5,4,3,6,5,5,llama_32_11B
1057,GlobalWarming-10,persona_176,4,6,5,4,5,6,5,llama_32_11B
1058,GlobalWarming-11,persona_176,3,6,4,2,7,5,6,llama_32_11B
1059,GlobalWarming-12,persona_176,3,6,4,2,5,4,5,llama_32_11B
1060,GlobalWarming-1,persona_176,4,6,3,2,5,4,6,llama_32_11B
1061,GlobalWarming-2,persona_176,4,5,4,3,6,4,5,llama_32_11B
1062,GlobalWarming-10,persona_177,4,6,5,4,5,6,5,llama_32_11B
1063,GlobalWarming-11,persona_177,2,6,3,2,7,5,4,llama_32_11B
1064,GlobalWarming-12,persona_177,4,6,4,3,5,4,5,llama_32_11B
1065,GlobalWarming-1,persona_177,2,6,3,2,5,4,5,llama_32_11B
1066,GlobalWarming-2,persona_177,4,6,4,3,6,5,5,llama_32_11B
1067,GlobalWarming-3,persona_177,1,6,4,2,5,3,6,llama_32_11B
1068,GlobalWarming-11,persona_178,3,6,4,2,7,5,6,llama_32_11B
1069,GlobalWarming-12,persona_178,3,6,4,3,5,4,5,llama_32_11B
1070,GlobalWarming-1,persona_178,3,6,4,3,6,5,6,llama_32_11B
1071,GlobalWarming-2,persona_178,4,5,4,4,6,5,5,llama_32_11B
1072,GlobalWarming-3,persona_178,3,6,4,3,6,5,6,llama_32_11B
1073,GlobalWarming-4,persona_178,6,6,4,4,6,6,6,llama_32_11B
1074,GlobalWarming-12,persona_179,4,6,4,3,5,4,5,llama_32_11B
1075,GlobalWarming-1,persona_179,4,6,3,2,5,4,6,llama_32_11B
1076,GlobalWarming-2,persona_179,4,6,4,4,6,4,6,llama_32_11B
1077,GlobalWarming-3,persona_179,3,6,4,3,5,4,6,llama_32_11B
1078,GlobalWarming-4,persona_179,3,5,4,3,5,4,4,llama_32_11B
1079,GlobalWarming-5,persona_179,4,5,4,3,6,5,5,llama_32_11B
1080,GlobalWarming-1,persona_180,3,6,4,3,6,5,6,llama_32_11B
1081,GlobalWarming-2,persona_180,3,6,4,3,6,5,6,llama_32_11B
1082,GlobalWarming-3,persona_180,3,6,4,3,5,6,5,llama_32_11B
1083,GlobalWarming-4,persona_180,3,6,4,3,5,4,5,llama_32_11B
1084,GlobalWarming-5,persona_180,4,5,4,3,5,5,5,llama_32_11B
1085,GlobalWarming-6,persona_180,3,6,4,3,6,5,6,llama_32_11B
1086,GlobalWarming-2,persona_181,3,5,4,3,6,4,5,llama_32_11B
1087,GlobalWarming-3,persona_181,4,6,4,3,5,4,5,llama_32_11B
1088,GlobalWarming-4,persona_181,3,6,4,2,5,3,4,llama_32_11B
1089,GlobalWarming-5,persona_181,4,5,4,3,6,5,5,llama_32_11B
1090,GlobalWarming-6,persona_181,4,6,5,3,4,5,6,llama_32_11B
1091,GlobalWarming-7,persona_181,4,6,4,3,5,6,5,llama_32_11B
1092,GlobalWarming-3,persona_182,4,6,4,3,5,4,5,llama_32_11B
1093,GlobalWarming-4,persona_182,3,6,4,3,5,4,5,llama_32_11B
1094,GlobalWarming-5,persona_182,4,6,4,3,5,4,5,llama_32_11B
1095,GlobalWarming-6,persona_182,3,6,4,2,5,4,5,llama_32_11B
1096,GlobalWarming-7,persona_182,3,6,4,3,6,5,6,llama_32_11B
1097,GlobalWarming-8,persona_182,3,6,4,3,5,4,5,llama_32_11B
1098,GlobalWarming-4,persona_183,3,4,4,3,4,4,4,llama_32_11B
1099,GlobalWarming-5,persona_183,4,5,4,3,5,5,5,llama_32_11B
1100,GlobalWarming-6,persona_183,4,6,4,3,5,4,5,llama_32_11B
1101,GlobalWarming-7,persona_183,4,6,4,3,5,6,5,llama_32_11B
1102,GlobalWarming-8,persona_183,1,6,4,3,5,4,6,llama_32_11B
1103,GlobalWarming-9,persona_183,3,5,4,3,6,5,4,llama_32_11B
1104,GlobalWarming-5,persona_184,4,5,4,3,6,5,5,llama_32_11B
1105,GlobalWarming-6,persona_184,4,6,4,3,5,6,5,llama_32_11B
1106,GlobalWarming-7,persona_184,3,6,4,3,6,5,6,llama_32_11B
1107,GlobalWarming-8,persona_184,4,6,4,4,6,6,6,llama_32_11B
1108,GlobalWarming-9,persona_184,3,5,4,3,6,5,4,llama_32_11B
1109,GlobalWarming-10,persona_184,4,6,5,4,5,6,5,llama_32_11B
1110,GlobalWarming-6,persona_185,4,6,4,3,5,6,5,llama_32_11B
1111,GlobalWarming-7,persona_185,3,6,4,3,6,5,6,llama_32_11B
1112,GlobalWarming-8,persona_185,2,6,4,3,5,7,6,llama_32_11B
1113,GlobalWarming-9,persona_185,3,5,4,2,6,4,5,llama_32_11B
1114,GlobalWarming-10,persona_185,4,6,4,4,6,6,6,llama_32_11B
1115,GlobalWarming-11,persona_185,6,5,4,3,7,6,5,llama_32_11B
1116,GlobalWarming-7,persona_186,3,6,4,3,6,5,6,llama_32_11B
1117,GlobalWarming-8,persona_186,3,6,4,3,5,4,5,llama_32_11B
1118,GlobalWarming-9,persona_186,3,5,4,2,6,4,5,llama_32_11B
1119,GlobalWarming-10,persona_186,4,6,5,4,6,5,6,llama_32_11B
1120,GlobalWarming-11,persona_186,4,6,3,2,7,5,6,llama_32_11B
1121,GlobalWarming-12,persona_186,3,6,4,2,5,4,5,llama_32_11B
1122,GlobalWarming-8,persona_187,3,6,4,3,5,4,5,llama_32_11B
1123,GlobalWarming-9,persona_187,3,6,4,2,5,4,3,llama_32_11B
1124,GlobalWarming-10,persona_187,4,6,5,3,6,5,4,llama_32_11B
1125,GlobalWarming-11,persona_187,2,6,3,2,7,5,4,llama_32_11B
1126,GlobalWarming-12,persona_187,3,6,4,2,5,4,3,llama_32_11B
1127,GlobalWarming-1,persona_187,4,6,4,3,5,6,5,llama_32_11B
1128,GlobalWarming-9,persona_188,3,6,4,2,5,4,5,llama_32_11B
1129,GlobalWarming-10,persona_188,4,6,5,4,5,6,5,llama_32_11B
1130,GlobalWarming-11,persona_188,4,6,3,2,7,5,6,llama_32_11B
1131,GlobalWarming-12,persona_188,4,6,5,3,5,4,5,llama_32_11B
1132,GlobalWarming-1,persona_188,4,6,5,3,7,6,5,llama_32_11B
1133,GlobalWarming-2,persona_188,4,4,4,4,4,4,4,llama_32_11B
1134,GlobalWarming-10,persona_189,4,5,4,4,5,5,5,llama_32_11B
1135,GlobalWarming-11,persona_189,3,6,4,2,7,5,6,llama_32_11B
1136,GlobalWarming-12,persona_189,4,6,4,3,5,4,5,llama_32_11B
1137,GlobalWarming-1,persona_189,2,6,3,2,5,4,6,llama_32_11B
1138,GlobalWarming-2,persona_189,4,5,4,3,6,4,5,llama_32_11B
1139,GlobalWarming-3,persona_189,3,4,4,2,3,4,4,llama_32_11B
1140,GlobalWarming-11,persona_190,4,6,3,2,7,5,6,llama_32_11B
1141,GlobalWarming-12,persona_190,4,6,4,3,5,4,5,llama_32_11B
1142,GlobalWarming-1,persona_190,3,5,3,2,4,5,4,llama_32_11B
1143,GlobalWarming-2,persona_190,4,5,4,4,6,5,5,llama_32_11B
1144,GlobalWarming-3,persona_190,4,6,4,3,5,4,5,llama_32_11B
1145,GlobalWarming-4,persona_190,3,4,4,3,4,4,4,llama_32_11B
1146,GlobalWarming-12,persona_191,3,6,4,3,5,4,5,llama_32_11B
1147,GlobalWarming-1,persona_191,4,6,3,2,5,4,6,llama_32_11B
1148,GlobalWarming-2,persona_191,4,5,4,3,6,4,5,llama_32_11B
1149,GlobalWarming-3,persona_191,3,6,4,3,5,6,6,llama_32_11B
1150,GlobalWarming-4,persona_191,4,6,4,3,5,4,5,llama_32_11B
1151,GlobalWarming-5,persona_191,3,5,4,3,5,4,5,llama_32_11B
1152,GlobalWarming-1,persona_192,4,6,3,2,5,6,5,llama_32_11B
1153,GlobalWarming-2,persona_192,3,4,3,2,4,3,4,llama_32_11B
1154,GlobalWarming-3,persona_192,3,6,4,3,5,6,5,llama_32_11B
1155,GlobalWarming-4,persona_192,3,5,4,3,4,5,4,llama_32_11B
1156,GlobalWarming-5,persona_192,3,5,4,3,5,5,4,llama_32_11B
1157,GlobalWarming-6,persona_192,4,6,4,3,5,4,5,llama_32_11B
1158,GlobalWarming-2,persona_193,3,5,4,3,6,4,5,llama_32_11B
1159,GlobalWarming-3,persona_193,3,6,4,3,5,4,5,llama_32_11B
1160,GlobalWarming-4,persona_193,3,5,4,3,4,5,4,llama_32_11B
1161,GlobalWarming-5,persona_193,3,5,4,3,5,5,5,llama_32_11B
1162,GlobalWarming-6,persona_193,4,6,4,3,5,4,5,llama_32_11B
1163,GlobalWarming-7,persona_193,3,6,4,3,6,5,6,llama_32_11B
1164,GlobalWarming-3,persona_194,4,6,4,3,5,4,5,llama_32_11B
1165,GlobalWarming-4,persona_194,4,5,4,3,5,5,4,llama_32_11B
1166,GlobalWarming-5,persona_194,4,5,4,3,5,5,5,llama_32_11B
1167,GlobalWarming-6,persona_194,4,6,4,3,5,4,5,llama_32_11B
1168,GlobalWarming-7,persona_194,3,6,4,3,6,5,6,llama_32_11B
1169,GlobalWarming-8,persona_194,4,6,4,3,5,6,5,llama_32_11B
1170,GlobalWarming-4,persona_195,6,7,4,3,5,6,7,llama_32_11B
1171,GlobalWarming-5,persona_195,4,5,4,3,5,5,5,llama_32_11B
1172,GlobalWarming-6,persona_195,4,6,4,3,5,4,5,llama_32_11B
1173,GlobalWarming-7,persona_195,4,6,5,3,7,6,5,llama_32_11B
1174,GlobalWarming-8,persona_195,4,6,5,3,5,6,5,llama_32_11B
1175,GlobalWarming-9,persona_195,4,6,5,3,6,5,4,llama_32_11B
1176,GlobalWarming-5,persona_196,4,6,4,3,5,4,5,llama_32_11B
1177,GlobalWarming-6,persona_196,4,6,4,3,5,4,5,llama_32_11B
1178,GlobalWarming-7,persona_196,3,6,4,3,6,5,6,llama_32_11B
1179,GlobalWarming-8,persona_196,4,6,4,4,5,5,5,llama_32_11B
1180,GlobalWarming-9,persona_196,4,6,3,2,5,4,5,llama_32_11B
1181,GlobalWarming-10,persona_196,4,6,4,4,6,6,6,llama_32_11B
1182,GlobalWarming-6,persona_197,4,6,4,3,5,4,5,llama_32_11B
1183,GlobalWarming-7,persona_197,3,6,4,3,6,5,6,llama_32_11B
1184,GlobalWarming-8,persona_197,3,6,4,3,5,4,5,llama_32_11B
1185,GlobalWarming-9,persona_197,3,6,4,2,5,4,5,llama_32_11B
1186,GlobalWarming-10,persona_197,4,6,5,4,5,6,5,llama_32_11B
1187,GlobalWarming-11,persona_197,4,6,3,2,7,5,4,llama_32_11B
1188,GlobalWarming-7,persona_198,4,6,4,3,5,6,5,llama_32_11B
1189,GlobalWarming-8,persona_198,3,6,4,3,5,4,5,llama_32_11B
1190,GlobalWarming-9,persona_198,3,5,4,3,6,5,4,llama_32_11B
1191,GlobalWarming-10,persona_198,4,6,5,4,6,7,6,llama_32_11B
1192,GlobalWarming-11,persona_198,6,5,4,3,7,6,5,llama_32_11B
1193,GlobalWarming-12,persona_198,2,6,4,3,5,4,5,llama_32_11B
1194,GlobalWarming-8,persona_199,4,6,5,4,6,7,6,llama_32_11B
1195,GlobalWarming-9,persona_199,4,6,5,3,6,5,4,llama_32_11B
1196,GlobalWarming-10,persona_199,4,6,5,4,5,6,5,llama_32_11B
1197,GlobalWarming-11,persona_199,4,6,3,2,7,5,6,llama_32_11B
1198,GlobalWarming-12,persona_199,3,6,4,3,5,6,5,llama_32_11B
1199,GlobalWarming-1,persona_199,4,6,3,2,5,4,6,llama_32_11B
1200,GlobalWarming-9,persona_200,3,5,4,2,6,4,5,llama_32_11B
1201,GlobalWarming-10,persona_200,4,6,5,3,5,6,5,llama_32_11B
1202,GlobalWarming-11,persona_200,3,6,2,1,7,5,4,llama_32_11B
1203,GlobalWarming-12,persona_200,4,6,4,3,5,4,5,llama_32_11B
1204,GlobalWarming-1,persona_200,3,6,4,3,6,5,6,llama_32_11B
1205,GlobalWarming-2,persona_200,3,4,3,2,4,3,4,llama_32_11B
1206,GlobalWarming-10,persona_201,4,6,5,4,5,6,5,llama_32_11B
1207,GlobalWarming-11,persona_201,4,6,3,2,7,5,4,llama_32_11B
1208,GlobalWarming-12,persona_201,2,6,4,3,5,4,5,llama_32_11B
1209,GlobalWarming-1,persona_201,4,6,3,2,5,4,6,llama_32_11B
1210,GlobalWarming-2,persona_201,4,5,4,4,6,5,5,llama_32_11B
1211,GlobalWarming-3,persona_201,4,6,4,3,5,4,5,llama_32_11B
1212,GlobalWarming-11,persona_202,4,6,3,2,7,5,4,llama_32_11B
1213,GlobalWarming-12,persona_202,3,6,4,2,5,4,3,llama_32_11B
1214,GlobalWarming-1,persona_202,3,6,4,2,5,6,5,llama_32_11B
1215,GlobalWarming-2,persona_202,4,6,4,4,6,4,6,llama_32_11B
1216,GlobalWarming-3,persona_202,3,6,4,2,5,4,6,llama_32_11B
1217,GlobalWarming-4,persona_202,6,7,4,3,5,6,7,llama_32_11B
1218,GlobalWarming-12,persona_203,3,6,4,2,5,4,5,llama_32_11B
1219,GlobalWarming-1,persona_203,3,6,4,3,6,5,6,llama_32_11B
1220,GlobalWarming-2,persona_203,4,6,4,4,6,4,4,llama_32_11B
1221,GlobalWarming-3,persona_203,3,6,4,3,5,6,5,llama_32_11B
1222,GlobalWarming-4,persona_203,4,6,4,3,5,4,5,llama_32_11B
1223,GlobalWarming-5,persona_203,4,5,4,3,5,4,5,llama_32_11B
1224,GlobalWarming-1,persona_204,3,6,4,3,6,6,6,llama_32_11B
1225,GlobalWarming-2,persona_204,4,5,4,4,5,4,5,llama_32_11B
1226,GlobalWarming-3,persona_204,3,6,4,3,5,6,5,llama_32_11B
1227,GlobalWarming-4,persona_204,4,5,4,3,4,5,4,llama_32_11B
1228,GlobalWarming-5,persona_204,4,5,4,3,5,5,5,llama_32_11B
1229,GlobalWarming-6,persona_204,4,6,4,3,5,4,5,llama_32_11B
1230,GlobalWarming-2,persona_205,3,6,4,4,6,5,6,llama_32_11B
1231,GlobalWarming-3,persona_205,2,6,4,3,5,4,6,llama_32_11B
1232,GlobalWarming-4,persona_205,3,5,4,3,4,4,4,llama_32_11B
1233,GlobalWarming-5,persona_205,4,6,4,3,5,4,5,llama_32_11B
1234,GlobalWarming-6,persona_205,4,6,4,3,5,4,5,llama_32_11B
1235,GlobalWarming-7,persona_205,3,6,4,3,6,5,6,llama_32_11B
1236,GlobalWarming-3,persona_206,4,6,4,3,5,4,5,llama_32_11B
1237,GlobalWarming-4,persona_206,3,6,4,3,6,5,6,llama_32_11B
1238,GlobalWarming-5,persona_206,4,5,4,3,5,5,5,llama_32_11B
1239,GlobalWarming-6,persona_206,4,6,5,3,6,5,6,llama_32_11B
1240,GlobalWarming-7,persona_206,4,6,4,3,6,5,6,llama_32_11B
1241,GlobalWarming-8,persona_206,4,6,4,4,6,5,5,llama_32_11B
1242,GlobalWarming-4,persona_207,2,6,4,3,5,4,6,llama_32_11B
1243,GlobalWarming-5,persona_207,3,5,4,3,6,5,5,llama_32_11B
1244,GlobalWarming-6,persona_207,3,6,4,3,6,5,6,llama_32_11B
1245,GlobalWarming-7,persona_207,2,6,3,2,5,4,6,llama_32_11B
1246,GlobalWarming-8,persona_207,1,6,2,3,5,4,6,llama_32_11B
1247,GlobalWarming-9,persona_207,3,6,4,2,5,4,5,llama_32_11B
1248,GlobalWarming-5,persona_208,4,5,4,3,5,5,5,llama_32_11B
1249,GlobalWarming-6,persona_208,3,6,4,2,5,4,5,llama_32_11B
1250,GlobalWarming-7,persona_208,2,6,4,3,7,5,6,llama_32_11B
1251,GlobalWarming-8,persona_208,3,6,4,3,5,4,5,llama_32_11B
1252,GlobalWarming-9,persona_208,2,5,4,3,6,4,5,llama_32_11B
1253,GlobalWarming-10,persona_208,4,6,5,4,6,5,6,llama_32_11B
1254,GlobalWarming-6,persona_209,4,6,4,3,5,4,5,llama_32_11B
1255,GlobalWarming-7,persona_209,4,6,4,4,6,6,6,llama_32_11B
1256,GlobalWarming-8,persona_209,3,6,4,3,5,4,5,llama_32_11B
1257,GlobalWarming-9,persona_209,3,6,4,2,5,4,5,llama_32_11B
1258,GlobalWarming-10,persona_209,4,6,5,3,6,5,6,llama_32_11B
1259,GlobalWarming-11,persona_209,2,6,3,2,7,5,4,llama_32_11B
1260,GlobalWarming-7,persona_210,4,6,4,3,6,5,5,llama_32_11B
1261,GlobalWarming-8,persona_210,3,6,4,3,5,4,5,llama_32_11B
1262,GlobalWarming-9,persona_210,3,6,4,2,5,4,3,llama_32_11B
1263,GlobalWarming-10,persona_210,4,6,5,3,5,4,5,llama_32_11B
1264,GlobalWarming-11,persona_210,3,6,4,2,7,5,6,llama_32_11B
1265,GlobalWarming-12,persona_210,3,6,4,2,5,4,5,llama_32_11B
1266,GlobalWarming-8,persona_211,4,6,4,4,6,5,5,llama_32_11B
1267,GlobalWarming-9,persona_211,3,6,4,3,5,4,5,llama_32_11B
1268,GlobalWarming-10,persona_211,4,6,5,4,6,5,6,llama_32_11B
1269,GlobalWarming-11,persona_211,3,6,2,1,7,5,4,llama_32_11B
1270,GlobalWarming-12,persona_211,3,6,4,3,5,4,5,llama_32_11B
1271,GlobalWarming-1,persona_211,3,6,4,3,6,5,5,llama_32_11B
1272,GlobalWarming-9,persona_212,4,6,4,3,5,4,5,llama_32_11B
1273,GlobalWarming-10,persona_212,4,6,5,4,5,6,5,llama_32_11B
1274,GlobalWarming-11,persona_212,3,6,4,2,7,5,6,llama_32_11B
1275,GlobalWarming-12,persona_212,4,6,5,3,6,5,4,llama_32_11B
1276,GlobalWarming-1,persona_212,4,6,4,3,6,5,6,llama_32_11B
1277,GlobalWarming-2,persona_212,4,6,4,4,6,4,4,llama_32_11B
1278,GlobalWarming-10,persona_213,4,6,5,3,5,6,5,llama_32_11B
1279,GlobalWarming-11,persona_213,4,6,3,2,7,5,6,llama_32_11B
1280,GlobalWarming-12,persona_213,4,6,5,3,4,5,4,llama_32_11B
1281,GlobalWarming-1,persona_213,4,6,4,3,5,6,5,llama_32_11B
1282,GlobalWarming-2,persona_213,4,4,4,4,4,4,4,llama_32_11B
1283,GlobalWarming-3,persona_213,6,5,4,3,2,1,7,llama_32_11B
1284,GlobalWarming-11,persona_214,3,6,4,2,7,5,6,llama_32_11B
1285,GlobalWarming-12,persona_214,3,6,4,2,5,4,5,llama_32_11B
1286,GlobalWarming-1,persona_214,3,6,4,3,6,6,5,llama_32_11B
1287,GlobalWarming-2,persona_214,3,5,4,3,5,4,4,llama_32_11B
1288,GlobalWarming-3,persona_214,6,7,5,3,4,6,5,llama_32_11B
1289,GlobalWarming-4,persona_214,3,6,4,3,5,6,5,llama_32_11B
1290,GlobalWarming-12,persona_215,3,6,4,3,5,4,5,llama_32_11B
1291,GlobalWarming-1,persona_215,4,6,4,3,6,5,6,llama_32_11B
1292,GlobalWarming-2,persona_215,4,6,4,4,6,4,6,llama_32_11B
1293,GlobalWarming-3,persona_215,6,7,5,4,6,7,6,llama_32_11B
1294,GlobalWarming-4,persona_215,3,5,4,3,5,5,4,llama_32_11B
1295,GlobalWarming-5,persona_215,4,5,4,3,6,5,5,llama_32_11B
